order_id,order_date,customer_id,customer_segment,region,product_category,sales_channel,quantity,unit_price,revenue,cost,discount_pct,order_status,currency
ORD-100243,2024-05-29,CUST-0224,Retail,Alexandria,Groceries,Store,8,102.7,821.61,684.24,0.15,Completed,EGP
ORD-100208,2023-06-27,CUST-0088,Retail,Giza,Furniture,Online,1,3453.33,3453.33,2242.48,0.002,Completed,EGP
ORD-100542,2024-06-02,CUST-0191,Retail,Cairo,Clothing,Store,5,210.2,1051.02,829.86,0.217,Completed,EGP
ORD-100261,2023-03-03,CUST-0044,Wholesale,Cairo,Clothing,Online,56,504.03,28225.59,21466.28,0.065,Cancelled,EGP
ORD-100193,2024-11-17,CUST-0285,Retail,Alexandria,Stationery,Phone,2,103.85,207.71,171.02,,Completed,EGP
ORD-100932,2024-02-13,CUST-0088,Corporate,Alexandria,Electronics,Phone,7,3742.73,26199.1,19997.36,0.09,Completed,EGP
ORD-100598,2024-06-22,CUST-0295,Wholesale,Mansoura,Furniture,Online,18,2215.93,39886.76,22063.93,0.031,Completed,EGP
ORD-100082,2023-12-01,CUST-0002,Retail,Mansoura,Electronics,Online,4,4440.42,17761.67,10627.05,,Returned,EGP
ORD-100934,2023-01-31,CUST-0202,Wholesale,Alexandria,Groceries,Phone,32,149.69,4790.05,3138.91,0.136,Completed,EGP
ORD-100737,2023-09-20,CUST-0044,Corporate,Giza,Groceries,Store,4,111.74,446.96,283.58,0.07,Completed,EGP
ORD-100315,2023-08-19,CUST-0206,Retail,Alexandria,Stationery,Store,3,56.76,170.29,136.05,0.18,Completed,EGP
ORD-101134,2024-10-16,CUST-0297,Corporate,Alexandria,Groceries,Online,7,118.98,832.84,566.34,0.217,Completed,EGP
ORD-100032,2023-11-30,CUST-0115,Retail,Cairo,Groceries,Online,4,168.09,672.34,469.02,0.05,Completed,EGP
ORD-100298,2023-02-05,CUST-0067,Retail,Mansoura,Electronics,Store,2,2973.65,5947.3,4919.7,0.147,Completed,EGP
ORD-100495,2023-10-11,CUST-0170,Retail,Cairo,Clothing,Online,5,368.4,1842.01,1400.85,,Returned,EGP
ORD-101057,2024-02-19,CUST-0255,Retail,Cairo,Clothing,Phone,8,386.33,3090.62,2590.5,0.09,Completed,EGP
ORD-100052,2023-11-07,CUST-0075,Wholesale,Cairo,Clothing,Store,18,807.36,14532.55,10838.13,0.047,Completed,EGP
ORD-100760,2023-09-10,CUST-0206,Retail,Mansoura,Groceries,Store,5,85.46,427.29,259.08,0.055,Completed,EGP
ORD-100333,2023-11-16,CUST-0137,Retail,Cairo,Electronics,Store,2,2709.58,5419.15,3700.71,0.107,Completed,EGP
ORD-100435,2023-12-02,CUST-0021,Retail,Alexandria,Groceries,Online,5,141.35,706.74,400.42,0.124,Returned,EGP
ORD-100071,2024-11-18,CUST-0004,Wholesale,Alexandria,Clothing,Online,64,503.95,32253.09,19840.27,,Completed,EGP
ORD-101059,2023-06-05,CUST-0215,Retail,Mansoura,Clothing,Phone,2,460.09,920.19,750.36,0.062,Completed,EGP
ORD-100765,2024-01-22,CUST-0203,Retail,Cairo,Electronics,Store,6,2828.24,16969.41,14240.72,0.11,Completed,EGP
ORD-100941,2023-03-09,CUST-0109,Wholesale,Giza,Clothing,Store,12,318.99,3827.9,2232.4,0.103,Completed,EGP
ORD-100938,2024-07-24,CUST-0246,Corporate,Cairo,Furniture,Online,4,1548.2,6192.79,4240.28,0.058,Completed,EGP
ORD-101063,2023-09-08,CUST-0147,Retail,Alexandria,Groceries,Store,1,146.52,146.52,117.28,,Cancelled,EGP
ORD-100312,2024-02-04,CUST-0260,Wholesale,Cairo,Clothing,Online,8,519.26,4154.1,2406.03,0.046,Returned,EGP
ORD-100764,2024-06-26,CUST-0059,Retail,Alexandria,Furniture,Store,7,1383.92,9687.47,7425.12,0.022,Completed,EGP
ORD-100380,2024-11-14,CUST-0300,Corporate,Cairo,Electronics,Store,8,3214.97,25719.79,16554.54,0.041,Completed,EGP
ORD-100357,2023-05-09,CUST-0100,Wholesale,Cairo,Groceries,Online,25,134.42,3360.56,2040.29,0.245,Completed,EGP
ORD-100902,2024-07-02,CUST-0048,Retail,,Groceries,Store,8,155.56,1244.47,810.78,0.223,Completed,EGP
ORD-100912,2024-09-21,CUST-0139,Wholesale,Cairo,Furniture,Store,40,1730.94,69237.54,51032.26,,Completed,EGP
ORD-101036,2024-05-23,CUST-0192,Retail,Cairo,Clothing,Store,4,352.26,1409.03,857.15,0.143,Completed,EGP
ORD-100461,2023-10-30,CUST-0175,Wholesale,Mansoura,Groceries,Online,35,129.63,4537.07,2584.38,0.195,Cancelled,EGP
ORD-100284,2024-09-13,CUST-0018,Corporate,Cairo,Electronics,Online,121,2126.01,257247.21,180073.05,0.021,Completed,EGP
ORD-100747,2023-08-20,CUST-0038,Retail,Cairo,Furniture,Store,1,1467.83,1467.83,901.99,0.138,Completed,EGP
ORD-100358,2024-10-07,CUST-0158,Corporate,Cairo,Clothing,Phone,7,429.49,3006.43,2003.22,0.068,Completed,EGP
ORD-100731,2024-07-09,CUST-0201,Wholesale,Alexandria,Electronics,Store,25,2128.1,53202.41,37301.39,,Completed,EGP
ORD-100409,2023-12-23,CUST-0039,Retail,Mansoura,Groceries,Store,4,237.34,949.34,767.26,0.219,Completed,EGP
ORD-100562,2023-10-26,CUST-0038,Wholesale,Alexandria,Clothing,Phone,28,273.76,7665.33,5760.87,,Completed,EGP
ORD-100837,2024-09-08,CUST-0075,Corporate,Cairo,Stationery,Store,6,78.03,468.18,319.37,0.146,Cancelled,EGP
ORD-100721,2023-01-19,CUST-0144,Retail,,Groceries,Online,4,122.51,490.04,352.8,0.004,Completed,EGP
ORD-100027,2024-11-02,CUST-0072,Retail,Mansoura,Clothing,Store,6,815.09,4890.54,3143.51,0.093,Completed,EGP
ORD-100064,2023-11-08,CUST-0246,Retail,Aswan,Groceries,Online,2,155.37,310.75,249.2,0.182,Completed,EGP
ORD-101055,2023-06-11,CUST-0200,Retail,Cairo,Electronics,Store,2,1790.77,3581.55,2991.58,0.056,Completed,EGP
ORD-100368,2024-05-25,CUST-0189,Retail,Cairo,Clothing,Store,3,436.7,1310.09,740.69,0.231,Completed,EGP
ORD-100283,2023-10-17,CUST-0102,Wholesale,Alexandria,Furniture,Online,15,2730.54,40958.14,34131.75,0.201,Completed,EGP
ORD-100642,2023-12-30,CUST-0005,Retail,Aswan,Electronics,Online,7,3150.16,22051.1,13530.51,0.163,Completed,EGP
ORD-100345,2023-06-03,CUST-0271,Retail,Cairo,Electronics,Online,4,3127.27,12509.09,10209.03,0.077,Completed,EGP
ORD-100135,2023-10-13,CUST-0220,Wholesale,Mansoura,Stationery,Phone,49,64.16,3143.66,2140.55,0.088,Completed,EGP
ORD-100036,2024-10-08,CUST-0310,Retail,Cairo,Clothing,Online,7,322.62,2258.33,1420.15,0.1,Completed,EGP
ORD-100176,2023-07-10,CUST-0195,Retail,Aswan,Clothing,Store,1,318.38,318.38,187.79,0.139,Cancelled,EGP
ORD-100458,2023-11-27,CUST-0204,Corporate,Cairo,Clothing,Online,7,675.18,4726.27,3817.42,,Returned,EGP
ORD-100651,2024-02-07,CUST-0072,Corporate,Cairo,Groceries,Online,1,127.7,127.7,104.95,0.248,Completed,EGP
ORD-100174,2023-05-28,CUST-0040,Wholesale,Giza,Groceries,Store,21,107.52,2257.84,1723.65,0.02,Completed,EGP
ORD-100362,2023-05-12,CUST-0085,Corporate,Giza,Electronics,Store,6,2035.47,12212.8,6872.18,0.223,Cancelled,EGP
ORD-100514,2023-10-09,CUST-0126,Retail,Cairo,Electronics,Store,5,1635.88,8179.42,6651.16,0.174,Completed,EGP
ORD-100106,2024-05-31,CUST-0210,Retail,Mansoura,Groceries,Online,7,152.85,1069.93,828.97,0.016,Completed,EGP
ORD-100582,2023-10-27,CUST-0030,Retail,Alexandria,Stationery,Store,3,75.84,227.51,149.18,0.195,Completed,EGP
ORD-101177,2024-04-25,CUST-0268,Retail,Cairo,Furniture,Store,5,1833.65,9168.23,5841.19,0.204,Completed,EGP
ORD-100525,2023-03-05,CUST-0206,Corporate,Alexandria,Groceries,Store,6,122.73,736.37,534.19,0.148,Completed,EGP
ORD-100795,2023-03-03,CUST-0094,Wholesale,Cairo,Groceries,Online,18,96.72,1741.02,1246.6,0.134,Completed,EGP
ORD-100508,2024-07-14,CUST-0194,Wholesale,Alexandria,Clothing,Store,9,416.34,3747.04,3144.85,0.039,Completed,EGP
ORD-100947,2023-11-13,CUST-0042,Wholesale,Giza,Electronics,Store,10,2812.06,28120.58,20061.61,0.145,Completed,EGP
ORD-101096,2024-07-08,CUST-0266,Wholesale,Cairo,Groceries,Store,64,77.72,4974.02,4131.79,0.063,Completed,EGP
ORD-100370,2024-05-07,CUST-0159,Wholesale,Aswan,Furniture,Online,56,2453.22,137380.07,99650.67,0.163,Completed,EGP
ORD-100543,2023-02-20,CUST-0161,Wholesale,Cairo,Clothing,Phone,42,367.74,15445.17,,0.025,Completed,EGP
ORD-100835,2023-04-16,CUST-0053,Wholesale,Giza,Stationery,Online,15,55.15,827.18,672.21,0.225,Completed,EGP
ORD-100374,2024-12-19,CUST-0004,Corporate,Giza,Clothing,Online,6,600.59,3603.53,2240.33,0.245,Completed,EGP
ORD-100712,2023-11-12,CUST-0245,Wholesale,Alexandria,Clothing,Online,14,713.84,9993.72,6048.01,0.046,Cancelled,EGP
ORD-101032,2024-12-15,CUST-0156,Corporate,Mansoura,Furniture,Store,6,2220.87,13325.24,7667.95,0.096,Completed,EGP
ORD-100316,2024-04-12,CUST-0081,Retail,Mansoura,Electronics,Store,4,2419.02,9676.07,6787.03,0.117,Cancelled,EGP
ORD-100585,2024-08-10,CUST-0294,Retail,Giza,Clothing,Online,3,578.71,1736.12,1289.14,0.191,Completed,EGP
ORD-100493,2024-02-07,CUST-0309,Corporate,Cairo,Groceries,Online,5,106.72,533.58,427.76,0.018,Completed,EGP
ORD-100236,2023-02-20,CUST-0289,Retail,Cairo,Groceries,Store,8,104.89,839.1,542.9,0.198,Completed,EGP
ORD-100209,2024-06-26,CUST-0134,Retail,Cairo,Stationery,Phone,4,77.03,308.12,204.42,0.163,Completed,EGP
ORD-100973,2024-06-17,CUST-0225,Retail,Alexandria,Electronics,Store,2,4660.61,9321.22,7290.51,0.19,Completed,EGP
ORD-100401,2024-11-16,CUST-0143,Retail,Cairo,Clothing,Online,8,475.61,3804.9,2644.66,0.134,Completed,EGP
ORD-100766,2023-04-09,CUST-0102,Retail,Mansoura,Clothing,Online,3,663.36,1990.09,1127.19,0.133,Completed,EGP
ORD-100531,2023-05-24,CUST-0178,Wholesale,Giza,Stationery,Store,32,41.31,1321.78,1088.96,0.146,Completed,EGP
ORD-100522,2023-11-10,CUST-0294,Wholesale,Alexandria,Electronics,Online,24,2288.71,54929.07,34757.29,0.157,Completed,EGP
ORD-101003,2023-02-22,CUST-0250,Wholesale,Giza,Clothing,Online,20,487.9,9758.07,7021.49,0.047,Completed,EGP
ORD-100925,2023-06-23,CUST-0202,Retail,Alexandria,Groceries,Online,3,82.5,247.49,148.6,0.144,Completed,EGP
ORD-100671,2023-10-08,CUST-0289,Wholesale,Cairo,Electronics,Store,30,2836.15,85084.43,68654.73,0.168,Completed,EGP
ORD-100293,2023-07-01,CUST-0072,Retail,Cairo,Electronics,Online,6,2791.89,16751.32,10485.88,0.125,Completed,EGP
ORD-100705,2023-05-03,CUST-0247,Retail,Giza,Groceries,Store,7,180.38,1262.69,802.65,0.022,Completed,EGP
ORD-100893,2023-07-08,CUST-0213,Wholesale,Cairo,Groceries,Store,8,105.76,846.11,535.51,0.097,Completed,EGP
ORD-100384,2023-01-05,CUST-0114,Retail,Mansoura,Electronics,Store,2,1085.71,2171.42,1613.22,0.153,Returned,EGP
ORD-100105,2024-10-09,CUST-0146,Wholesale,Aswan,Electronics,Phone,28,2789.7,78111.66,,,Completed,EGP
ORD-100110,2023-05-13,CUST-0249,Retail,Aswan,Clothing,Online,5,461.03,2305.17,1531.69,0.088,Completed,EGP
ORD-100147,2024-01-23,CUST-0230,Corporate,Alexandria,Furniture,Store,81,1650.4,133682.4,,0.132,Cancelled,EGP
ORD-100636,2024-12-23,CUST-0144,Retail,Alexandria,Stationery,Store,7,113.46,794.19,662.79,0.202,Returned,EGP
ORD-100995,2024-11-09,CUST-0142,Wholesale,Mansoura,Furniture,Store,15,1680.75,25211.28,21239.79,0.13,Completed,EGP
ORD-100733,2023-05-09,CUST-0252,Wholesale,Mansoura,Groceries,Online,18,70.69,1272.48,752.12,0.219,Completed,EGP
ORD-100613,2023-01-16,CUST-0164,Wholesale,,Stationery,Store,6,63.75,382.51,224.5,0.152,Completed,EGP
ORD-100541,2023-08-17,CUST-0046,Retail,Alexandria,Clothing,Store,5,284.91,1424.55,1181.7,0.143,Completed,EGP
ORD-100662,2024-08-21,CUST-0158,Retail,Aswan,Clothing,Online,2,382.61,765.21,445.69,0.02,Completed,EGP
ORD-100724,2024-06-06,CUST-0286,Wholesale,Giza,Groceries,Online,15,102.53,1538.01,942.15,0.017,Completed,EGP
ORD-100986,2024-11-02,CUST-0228,Corporate,Aswan,Groceries,Online,1,131.42,131.42,77.53,0.218,Completed,EGP
ORD-100829,2024-07-10,CUST-0316,Retail,Mansoura,Electronics,Store,7,2196.59,15376.13,12121.46,0.047,Cancelled,EGP
ORD-101169,2023-10-07,CUST-0003,Retail,Cairo,Clothing,Phone,6,304.22,1825.34,1065.55,0.131,Returned,EGP
ORD-100230,2023-12-12,CUST-0095,Retail,Giza,Groceries,Online,8,148.33,1186.66,979.74,0.159,Completed,EGP
ORD-100746,2023-06-05,CUST-0150,Retail,Alexandria,Electronics,Store,7,1159.59,8117.11,6110.77,0.128,Completed,EGP
ORD-101123,2024-02-11,CUST-0304,Retail,Alexandria,Stationery,Store,6,40.45,242.71,162.51,0.049,Completed,EGP
ORD-100940,2023-03-17,CUST-0315,Wholesale,Alexandria,Groceries,Store,35,104.64,3662.41,2504.64,0.027,Completed,EGP
ORD-100928,2023-10-03,CUST-0069,Retail,Aswan,Groceries,Online,7,125.75,880.28,666.59,0.017,Completed,EGP
ORD-100896,2024-10-16,CUST-0009,Retail,Alexandria,Electronics,Phone,8,2420.19,19361.48,12114.09,0.045,Completed,EGP
ORD-100319,2023-05-19,CUST-0112,Wholesale,Aswan,Electronics,Online,42,2196.59,92256.69,53055.37,0.192,Completed,EGP
ORD-100164,2023-07-04,CUST-0057,Retail,Alexandria,Electronics,Store,4,3052.93,12211.7,7642.73,0.038,Completed,EGP
ORD-100069,2023-07-26,CUST-0166,Retail,Cairo,Clothing,Online,4,505.73,2022.9,1159.23,0.239,Completed,EGP
ORD-100663,2023-08-14,CUST-0115,Retail,Cairo,Clothing,Store,4,364.91,1459.65,882.85,,Cancelled,EGP
ORD-100949,2023-12-31,CUST-0012,Wholesale,Giza,Clothing,Store,20,768.18,15363.65,12176.9,0.194,Completed,EGP
ORD-100753,2023-09-27,CUST-0094,Corporate,Alexandria,Stationery,Online,2,58.75,117.51,89.93,0.019,Completed,EGP
ORD-101000,2024-12-07,CUST-0304,Retail,Cairo,Clothing,Store,4,648.12,2592.49,1860.86,0.008,Completed,EGP
ORD-101069,2024-09-03,CUST-0117,Retail,Cairo,Clothing,Store,5,420.1,2100.49,1530.24,0.164,Completed,EGP
ORD-100962,2024-01-11,CUST-0189,Wholesale,Cairo,Stationery,Online,35,24.66,863.13,699.86,0.077,Completed,EGP
ORD-100534,2024-01-26,CUST-0191,Retail,Cairo,Electronics,Store,8,2078.45,16627.64,9155.18,0.246,Cancelled,EGP
ORD-100081,2023-01-24,CUST-0045,Wholesale,Alexandria,Groceries,Store,24,157.66,3783.85,2618.64,0.211,Completed,EGP
ORD-100532,2024-02-05,CUST-0102,Wholesale,Giza,Groceries,Store,30,64.05,1921.5,1325.33,0.076,Completed,EGP
ORD-100570,2024-10-29,CUST-0154,Wholesale,Giza,Clothing,Store,8,261.27,2090.16,1610.32,0.187,Completed,EGP
ORD-100103,2024-07-11,CUST-0022,Retail,Cairo,Clothing,Online,8,231.89,1855.11,1420.11,0.225,Completed,EGP
ORD-100281,2023-07-02,CUST-0017,Retail,Cairo,Furniture,Online,3,1976.63,5929.89,4377.04,0.032,Completed,EGP
ORD-100223,2023-08-28,CUST-0250,Wholesale,Cairo,Clothing,Store,5,406.04,2030.21,1644.07,0.113,Completed,EGP
ORD-100844,2023-05-01,CUST-0122,Corporate,Alexandria,Furniture,Store,139,1163.37,161708.43,113195.9,0.122,Completed,EGP
ORD-100634,2023-12-10,CUST-0085,Wholesale,Cairo,Groceries,Online,24,163.75,3930.03,2920.12,0.193,Completed,EGP
ORD-100603,2024-08-03,CUST-0224,Retail,Mansoura,Electronics,Store,1,2457.18,2457.18,1456.03,0.019,Completed,EGP
ORD-100830,2024-08-10,CUST-0306,Wholesale,Cairo,Groceries,Store,30,103.18,3095.39,2086.76,0.138,Completed,EGP
ORD-100620,2024-11-26,CUST-0196,Wholesale,Alexandria,Furniture,Store,10,3437.39,34373.89,27303.81,0.056,Completed,EGP
ORD-100983,2024-07-09,CUST-0142,Wholesale,,Electronics,Store,32,3084.57,98706.16,63124.8,0.123,Completed,EGP
ORD-101060,2024-06-12,CUST-0165,Wholesale,Alexandria,Clothing,Store,48,561.87,26969.96,19839.5,0.155,Completed,EGP
ORD-100043,2024-09-11,CUST-0087,Retail,Alexandria,Groceries,Phone,1,65.79,65.79,,0.098,Completed,EGP
ORD-100157,2024-03-27,CUST-0252,Wholesale,Mansoura,Clothing,Store,7,470.3,3292.13,2225.53,0.098,Completed,EGP
ORD-100421,2024-02-09,CUST-0317,Corporate,Aswan,Groceries,Online,1,131.41,131.41,88.39,0.005,Cancelled,EGP
ORD-100177,2023-11-04,CUST-0168,Corporate,Alexandria,Groceries,Online,5,193.07,965.34,677.41,0.178,Completed,EGP
ORD-100799,2024-12-28,CUST-0067,Wholesale,Cairo,Stationery,Store,25,104.91,2622.71,1716.98,0.075,Cancelled,EGP
ORD-100898,2023-10-25,CUST-0006,Wholesale,,Electronics,Store,30,1891.62,56748.55,42736.84,0.108,Returned,EGP
ORD-100012,2024-08-13,CUST-0052,Retail,Cairo,Groceries,Store,5,78.53,392.63,312.03,0.188,Completed,EGP
ORD-100314,2023-12-23,CUST-0006,Wholesale,Alexandria,Clothing,Online,56,479.93,26876.23,16446.95,0.023,Completed,EGP
ORD-100872,2024-10-30,CUST-0212,Corporate,Giza,Electronics,Store,3,2039.67,6119.01,3404.42,0.05,Cancelled,EGP
ORD-101130,2023-03-09,CUST-0160,Retail,Alexandria,Clothing,Online,3,478.21,1434.62,975.97,0.142,Completed,EGP
ORD-100275,2024-12-03,CUST-0005,Wholesale,Giza,Furniture,Store,32,2630.61,84179.62,,0.156,Completed,EGP
ORD-100646,2023-08-27,CUST-0058,Wholesale,Alexandria,Electronics,Store,30,1943.0,58290.13,39841.82,,Completed,EGP
ORD-100143,2023-01-25,CUST-0278,Retail,Aswan,Clothing,Store,6,378.23,2269.4,1655.74,0.154,Completed,EGP
ORD-100172,2024-12-18,CUST-0168,Retail,Giza,Clothing,Store,3,531.01,1593.02,1007.97,0.016,Cancelled,EGP
ORD-100473,2023-08-15,CUST-0162,Retail,Giza,Furniture,Phone,8,2493.15,19945.2,15765.54,0.214,Completed,EGP
ORD-100092,2024-03-20,CUST-0294,Retail,,Groceries,Online,6,108.26,649.54,,0.117,Completed,EGP
ORD-100238,2023-02-19,CUST-0080,Corporate,Alexandria,Stationery,Store,6,87.45,524.7,,,Completed,EGP
ORD-100072,2024-12-07,CUST-0017,Corporate,Alexandria,Furniture,Online,8,3241.46,25931.71,21301.61,,Cancelled,EGP
ORD-100552,2023-02-11,CUST-0257,Retail,Aswan,Clothing,Store,4,547.27,2189.1,1849.85,0.157,Cancelled,EGP
ORD-100895,2023-07-25,CUST-0144,Corporate,Giza,Groceries,Store,5,115.86,579.32,478.35,0.194,Completed,EGP
ORD-101122,2023-08-02,CUST-0264,Retail,Mansoura,Groceries,Online,6,97.62,585.7,443.74,0.076,Completed,EGP
ORD-100615,2024-08-13,CUST-0285,Wholesale,Mansoura,Furniture,Store,15,1463.11,21946.7,15967.95,0.053,Completed,EGP
ORD-100882,2024-06-22,CUST-0287,Corporate,Giza,Stationery,Online,1,44.88,44.88,37.03,0.197,Completed,EGP
ORD-100536,2023-08-15,CUST-0082,Corporate,Aswan,Electronics,Online,2,1415.6,2831.2,1905.83,,Cancelled,EGP
ORD-100501,2023-03-21,CUST-0054,Retail,Giza,Electronics,Store,1,1446.93,1446.93,1073.0,0.004,Completed,EGP
ORD-100375,2024-02-16,CUST-0226,Wholesale,Cairo,Electronics,Online,7,3406.62,23846.32,13327.11,0.097,Completed,EGP
ORD-100335,2023-11-13,CUST-0181,Retail,Cairo,Furniture,Store,3,2526.98,7580.95,6090.49,0.129,Completed,EGP
ORD-100260,2023-06-14,CUST-0058,Wholesale,Aswan,Clothing,Online,12,520.46,6245.56,,0.02,Completed,EGP
ORD-100156,2024-03-23,CUST-0116,Wholesale,Mansoura,Groceries,Store,42,108.46,4555.47,2789.69,0.197,Completed,EGP
ORD-101081,2023-11-23,CUST-0195,Corporate,Giza,Furniture,Store,156,2644.06,412473.36,288731.35,0.194,Completed,EGP
ORD-100363,2024-09-27,CUST-0202,Retail,Alexandria,Groceries,Store,2,85.97,171.94,98.09,0.132,Completed,EGP
ORD-100867,2024-10-28,CUST-0214,Retail,Aswan,Groceries,Store,3,131.96,395.88,230.94,0.092,Completed,EGP
ORD-100604,2024-03-12,CUST-0265,Wholesale,Alexandria,Clothing,Online,35,404.25,14148.76,8329.87,0.108,Completed,EGP
ORD-100739,2024-05-19,CUST-0151,Wholesale,Alexandria,Stationery,Phone,42,63.28,2657.92,1664.82,0.249,Completed,EGP
ORD-100677,2024-01-26,CUST-0149,Corporate,Cairo,Groceries,Online,5,104.41,522.03,435.77,0.005,Completed,EGP
ORD-100058,2024-01-01,CUST-0294,Wholesale,Alexandria,Furniture,Phone,18,1905.99,34307.88,,0.208,Completed,EGP
ORD-100073,2024-03-29,CUST-0155,Retail,Aswan,Electronics,Online,8,1648.34,13186.7,10340.49,0.243,Completed,EGP
ORD-100547,2024-05-05,CUST-0115,Retail,Alexandria,Clothing,Online,7,319.93,2239.49,1660.73,0.057,Cancelled,EGP
ORD-100550,2023-09-11,CUST-0085,Retail,Giza,Groceries,Store,8,173.64,1389.15,833.75,0.081,Completed,EGP
ORD-100650,2023-02-28,CUST-0139,Wholesale,Alexandria,Clothing,Store,18,379.7,6834.53,4347.18,0.213,Completed,EGP
ORD-100146,2024-06-28,CUST-0245,Retail,Cairo,Clothing,Store,5,474.17,2370.85,1567.68,0.136,Completed,EGP
ORD-100039,2023-05-04,CUST-0121,Retail,Aswan,Groceries,Online,3,138.18,414.54,,0.017,Completed,EGP
ORD-100944,2023-09-17,CUST-0234,Retail,Giza,Stationery,Store,6,43.68,262.09,176.83,0.238,Completed,EGP
ORD-100580,2024-06-22,CUST-0239,Wholesale,,Electronics,Online,6,3238.02,19428.11,11871.08,0.151,Completed,EGP
ORD-100278,2024-02-25,CUST-0225,Retail,Mansoura,Groceries,Online,6,95.34,572.02,411.21,,Returned,EGP
ORD-100586,2024-11-05,CUST-0140,Retail,Cairo,Furniture,Phone,4,4369.43,17477.72,10721.79,0.04,Completed,EGP
ORD-100311,2024-08-31,CUST-0252,Wholesale,Giza,Groceries,Online,18,169.77,3055.85,2472.28,0.068,Completed,EGP
ORD-100967,2024-03-20,CUST-0265,Retail,Cairo,Clothing,Store,6,256.25,1537.48,895.59,0.249,Completed,EGP
ORD-100108,2024-11-24,CUST-0234,Retail,Aswan,Groceries,Online,6,169.99,1019.95,581.83,0.043,Completed,EGP
ORD-100707,2024-03-08,CUST-0066,Wholesale,Mansoura,Clothing,Online,6,427.78,2566.67,1573.48,0.005,Completed,EGP
ORD-100655,2024-08-27,CUST-0200,Wholesale,Aswan,Furniture,Online,30,2255.94,67678.09,39846.29,0.235,Completed,EGP
ORD-100400,2024-06-26,CUST-0304,Wholesale,Mansoura,Groceries,Store,48,133.99,6431.41,3548.65,,Returned,EGP
ORD-101115,2023-08-28,CUST-0289,Wholesale,Alexandria,Groceries,Online,24,167.83,4027.95,2754.89,0.032,Completed,EGP
ORD-100302,2024-01-27,CUST-0153,Retail,Giza,Furniture,Store,5,2824.83,14124.13,10193.03,0.202,Completed,EGP
ORD-101051,2024-02-25,CUST-0253,Retail,Cairo,Groceries,Store,3,167.67,503.01,315.5,0.091,Completed,EGP
ORD-100399,2024-06-12,CUST-0045,Retail,Aswan,Groceries,Store,8,107.36,858.9,710.2,0.026,Completed,EGP
ORD-100931,2024-12-09,CUST-0208,Wholesale,Cairo,Groceries,Online,18,76.5,1377.03,947.34,0.236,Completed,EGP
ORD-101045,2024-01-28,CUST-0316,Retail,Cairo,Stationery,Online,5,61.29,306.47,232.4,0.074,Completed,EGP
ORD-100007,2023-04-20,CUST-0275,Retail,Cairo,Clothing,Phone,6,536.28,3217.66,2473.85,,Completed,EGP
ORD-100758,2024-07-10,CUST-0202,Retail,Alexandria,Electronics,Online,5,2531.19,12655.94,7392.69,0.228,Completed,EGP
ORD-100177,2023-11-04,CUST-0168,Corporate,Alexandria,Groceries,Online,5,193.07,965.34,677.41,0.178,Completed,EGP
ORD-100738,2023-09-01,CUST-0184,Corporate,Alexandria,Stationery,Store,2,48.28,96.57,70.62,0.131,Completed,EGP
ORD-100606,2024-02-18,CUST-0236,Retail,Cairo,Electronics,Store,3,1896.82,5690.47,4709.49,0.168,Completed,EGP
ORD-100288,2024-12-29,CUST-0318,Retail,Alexandria,Stationery,Phone,2,56.69,113.38,88.36,0.191,Completed,EGP
ORD-100396,2024-03-02,CUST-0301,Retail,Cairo,Stationery,Online,1,57.24,57.24,36.95,0.056,Completed,EGP
ORD-100298,2023-02-05,CUST-0067,Retail,Mansoura,Electronics,Store,2,2973.65,5947.3,4919.7,0.147,Completed,EGP
ORD-100392,2024-11-13,CUST-0278,Retail,Giza,Clothing,Store,2,565.87,1131.73,894.76,0.189,Completed,EGP
ORD-101088,2024-09-13,CUST-0171,Wholesale,Giza,Clothing,Phone,42,679.85,28553.73,23881.32,0.062,Completed,EGP
ORD-100921,2023-11-22,CUST-0242,Retail,Alexandria,Clothing,Store,1,730.04,730.04,618.02,0.009,Completed,EGP
ORD-101085,2024-09-25,CUST-0254,Corporate,Aswan,Stationery,Store,6,61.03,366.18,220.58,0.041,Completed,EGP
ORD-100382,2024-09-15,CUST-0265,Retail,Giza,Clothing,Store,6,607.32,3643.93,2872.23,0.049,Completed,EGP
ORD-101163,2023-10-21,CUST-0113,Corporate,Cairo,Clothing,Store,7,577.86,4045.01,,0.2,Cancelled,EGP
ORD-100036,2024-10-08,CUST-0310,Retail,Cairo,Clothing,Online,7,322.62,2258.33,1420.15,0.1,Completed,EGP
ORD-100825,2023-07-23,CUST-0283,Retail,Mansoura,Groceries,Store,5,64.52,322.58,243.47,0.235,Completed,EGP
ORD-100104,2024-09-21,CUST-0252,Wholesale,Mansoura,Groceries,Online,40,132.62,5304.65,3547.31,0.038,Completed,EGP
ORD-100282,2023-05-11,CUST-0032,Retail,Alexandria,Electronics,Online,8,1849.21,14793.68,10237.57,,Completed,EGP
ORD-101162,2024-07-25,CUST-0303,Retail,Cairo,Furniture,Online,4,1195.77,4783.06,2771.65,0.204,Completed,EGP
ORD-100589,2023-07-09,CUST-0268,Corporate,Mansoura,Furniture,Store,1,2700.21,2700.21,2234.45,0.021,Completed,EGP
ORD-101015,2023-11-29,CUST-0057,Wholesale,Giza,Groceries,Store,64,141.62,9063.93,5889.35,0.21,Completed,EGP
ORD-100789,2023-09-05,CUST-0173,Retail,Cairo,Electronics,Online,2,2035.14,4070.28,3052.88,0.12,Completed,EGP
ORD-100673,2023-01-04,CUST-0235,Retail,Giza,Electronics,Store,5,2890.53,14452.64,9166.27,0.046,Completed,EGP
ORD-100572,2024-03-12,CUST-0310,Retail,Cairo,Groceries,Phone,4,205.07,820.27,510.66,0.155,Completed,EGP
ORD-100235,2024-02-03,CUST-0026,Corporate,Alexandria,Stationery,Online,5,49.03,245.14,181.92,0.179,Completed,EGP
ORD-100468,2024-03-24,CUST-0119,Corporate,Cairo,Clothing,Store,5,493.6,2467.98,1868.58,0.026,Completed,EGP
ORD-100070,2024-02-08,CUST-0219,Retail,Cairo,Electronics,Online,2,3569.49,7138.99,5374.22,0.059,Completed,EGP
ORD-100629,2024-03-27,CUST-0177,Wholesale,,Clothing,Store,24,413.77,9930.38,8141.72,0.11,Completed,EGP
ORD-100883,2024-08-09,CUST-0220,Retail,Aswan,Electronics,Store,1,3495.8,3495.8,2274.59,0.245,Completed,EGP
ORD-100681,2023-06-14,CUST-0090,Retail,,Electronics,Store,4,1806.04,7224.15,5251.93,0.204,Cancelled,EGP
ORD-100277,2024-04-22,CUST-0304,Retail,Giza,Electronics,Phone,4,1879.39,7517.55,5218.21,0.111,Completed,EGP
ORD-100305,2024-06-12,CUST-0184,Wholesale,Mansoura,Groceries,Phone,15,112.21,1683.19,1079.75,0.008,Completed,EGP
ORD-100574,2023-01-27,CUST-0240,Retail,Alexandria,Groceries,Online,6,82.8,496.8,360.18,,Returned,EGP
ORD-100518,2024-03-06,CUST-0171,Retail,Mansoura,Electronics,Phone,3,1547.2,4641.6,3577.1,0.201,Cancelled,EGP
ORD-100194,2024-04-17,CUST-0306,Corporate,Cairo,Furniture,Store,3,1952.75,5858.24,4750.61,0.057,Completed,EGP
ORD-100545,2023-09-30,CUST-0033,Retail,Mansoura,Groceries,Store,5,69.06,345.29,190.56,0.089,Cancelled,EGP
ORD-100759,2024-11-18,CUST-0014,Wholesale,Cairo,Furniture,Online,48,1827.09,87700.42,49248.81,0.184,Completed,EGP
ORD-101106,2023-04-30,CUST-0309,Wholesale,Mansoura,Furniture,Online,20,1423.89,28477.73,23038.75,0.211,Completed,EGP
ORD-100265,2023-05-28,CUST-0264,Wholesale,Aswan,Furniture,Store,12,1844.75,22137.06,18296.84,0.029,Completed,EGP
ORD-100936,2024-06-14,CUST-0142,Retail,Alexandria,Stationery,Online,6,48.8,292.79,166.18,0.215,Completed,EGP
ORD-100376,2024-11-08,CUST-0086,Wholesale,Alexandria,Groceries,Store,35,154.75,5416.32,4319.86,0.065,Completed,EGP
ORD-100139,2023-06-09,CUST-0153,Wholesale,Mansoura,Stationery,Store,18,59.41,1069.37,707.89,0.095,Completed,EGP
ORD-100119,2024-07-11,CUST-0081,Corporate,Mansoura,Clothing,Store,8,509.09,4072.74,3011.18,0.015,Completed,EGP
ORD-100808,2024-12-20,CUST-0127,Retail,Cairo,Furniture,Store,4,1632.45,6529.8,3600.29,0.12,Completed,EGP
ORD-100149,2024-10-12,CUST-0126,Retail,Alexandria,Clothing,Store,1,552.35,552.35,386.16,0.052,Completed,EGP
ORD-100537,2023-06-27,CUST-0144,Wholesale,Giza,Groceries,Phone,56,122.06,6835.11,5587.87,0.145,Returned,EGP
ORD-100720,2023-05-30,CUST-0041,Retail,Aswan,Groceries,Online,5,86.37,431.83,352.35,0.067,Completed,EGP
ORD-100809,2024-06-26,CUST-0282,Wholesale,Cairo,Groceries,Online,21,95.07,1996.37,1315.85,0.015,Completed,EGP
ORD-100161,2023-03-20,CUST-0173,Retail,Cairo,Groceries,Online,4,92.55,370.22,234.59,0.005,Completed,EGP
ORD-101104,2023-04-21,CUST-0263,Retail,Giza,Groceries,Online,3,99.17,297.52,188.44,0.02,Completed,EGP
ORD-100456,2023-02-18,CUST-0265,Wholesale,,Electronics,Online,16,2675.53,42808.42,35860.82,0.026,Completed,EGP
ORD-100794,2024-09-22,CUST-0155,Retail,Giza,Clothing,Online,8,422.9,3383.18,2683.7,0.088,Completed,EGP
ORD-100041,2023-03-08,CUST-0311,Corporate,Cairo,Furniture,Online,1,1598.33,1598.33,,0.188,Completed,EGP
ORD-100540,2023-04-27,CUST-0116,Retail,Alexandria,Electronics,Online,5,2629.26,13146.32,9630.43,0.215,Completed,EGP
ORD-100768,2023-12-22,CUST-0005,Retail,,Electronics,Online,6,4121.01,24726.07,19746.79,0.053,Completed,EGP
ORD-100407,2023-01-28,CUST-0041,Retail,Alexandria,Groceries,Store,4,167.79,671.14,402.91,0.166,Completed,EGP
ORD-100964,2023-06-01,CUST-0098,Retail,Giza,Furniture,Store,4,1535.32,6141.3,4090.06,0.091,Cancelled,EGP
ORD-100440,2024-06-06,CUST-0125,Corporate,,Electronics,Store,1,2239.19,2239.19,1501.56,0.094,Completed,EGP
ORD-100804,2024-07-23,CUST-0306,Retail,Cairo,Groceries,Online,7,149.72,1048.06,644.02,0.218,Completed,EGP
ORD-100124,2023-02-19,CUST-0181,Wholesale,Aswan,Electronics,Online,48,2450.39,117618.87,90709.89,0.075,Completed,EGP
ORD-100417,2023-09-29,CUST-0072,Retail,Cairo,Clothing,Phone,7,316.61,2216.29,1809.78,,Completed,EGP
ORD-101025,2023-05-14,CUST-0059,Retail,Cairo,Electronics,Store,2,1775.23,3550.46,2311.86,0.167,Completed,EGP
ORD-101010,2023-01-03,CUST-0168,Retail,Alexandria,Furniture,Online,1,1249.82,1249.82,746.25,0.068,Completed,EGP
ORD-100249,2024-08-02,CUST-0008,Corporate,Aswan,Electronics,Store,4,1751.08,7004.32,5390.26,0.084,Completed,EGP
ORD-101077,2024-10-31,CUST-0258,Wholesale,Aswan,Furniture,Store,15,1978.64,29679.54,18187.57,0.168,Completed,EGP
ORD-101068,2024-05-08,CUST-0236,Retail,Alexandria,Clothing,Store,5,400.79,2003.96,1150.39,,Completed,EGP
ORD-100378,2023-09-05,CUST-0210,Retail,Alexandria,Groceries,Online,7,85.23,596.61,335.06,0.055,Completed,EGP
ORD-100129,2024-05-29,CUST-0119,Wholesale,Cairo,Clothing,Store,4,267.43,1069.72,619.43,0.219,Completed,EGP
ORD-100308,2024-08-23,CUST-0313,Retail,Alexandria,Electronics,Store,6,2708.16,16248.99,12277.83,0.23,Completed,EGP
ORD-100510,2023-08-19,CUST-0228,Wholesale,,Clothing,Store,24,342.48,8219.59,6933.32,0.175,Completed,EGP
ORD-100957,2023-07-19,CUST-0145,Retail,Mansoura,Furniture,Online,6,2309.8,13858.82,7898.7,0.224,Completed,EGP
ORD-100916,2023-05-04,CUST-0029,Corporate,Giza,Clothing,Online,4,560.88,2243.51,1542.78,0.013,Completed,EGP
ORD-100424,2023-08-29,CUST-0044,Corporate,Giza,Clothing,Phone,6,517.25,3103.52,2072.83,0.128,Completed,EGP
ORD-100856,2023-08-06,CUST-0313,Retail,Alexandria,Clothing,Store,1,326.74,326.74,212.83,,Returned,EGP
ORD-100858,2023-05-14,CUST-0066,Wholesale,Alexandria,Groceries,Store,16,123.81,1981.03,1287.16,0.074,Completed,EGP
ORD-100055,2023-09-08,CUST-0084,Retail,Aswan,Furniture,Store,3,1881.0,5643.0,3987.95,0.056,Completed,EGP
ORD-101180,2023-09-30,CUST-0221,Retail,Mansoura,Groceries,Store,6,140.09,840.56,570.14,0.15,Completed,EGP
ORD-100383,2023-11-02,CUST-0206,Wholesale,Mansoura,Electronics,Online,32,5070.94,162270.23,90443.67,0.171,Returned,EGP
ORD-100833,2024-01-06,CUST-0163,Wholesale,Cairo,Groceries,Phone,5,93.34,466.72,377.04,0.034,Completed,EGP
ORD-100474,2023-07-19,CUST-0113,Wholesale,Alexandria,Stationery,Store,32,108.9,3484.86,2019.26,0.1,Completed,EGP
ORD-100851,2023-09-19,CUST-0283,Wholesale,Alexandria,Furniture,Store,5,2174.65,10873.26,6939.99,0.185,Completed,EGP
ORD-100145,2023-03-11,CUST-0226,Retail,Cairo,Clothing,Online,7,260.21,1821.47,1170.09,0.116,Completed,EGP
ORD-101129,2023-03-17,CUST-0091,Corporate,Mansoura,Clothing,Store,1,476.9,476.9,392.23,0.147,Completed,EGP
ORD-100499,2024-10-02,CUST-0233,Retail,Aswan,Stationery,Online,2,52.12,104.25,62.34,0.178,Cancelled,EGP
ORD-101094,2024-12-25,CUST-0127,Retail,Giza,Electronics,Phone,5,2984.27,14921.33,9666.98,0.031,Completed,EGP
ORD-100489,2024-11-02,CUST-0081,Retail,Giza,Groceries,Store,6,174.39,1046.32,635.53,0.229,Completed,EGP
ORD-100871,2023-09-23,CUST-0313,Retail,Alexandria,Clothing,Online,3,519.05,1557.16,1180.64,0.004,Completed,EGP
ORD-100148,2024-09-23,CUST-0303,Retail,Cairo,Stationery,Phone,1,61.94,61.94,38.81,0.135,Completed,EGP
ORD-100787,2023-08-30,CUST-0036,Retail,Aswan,Groceries,Online,7,142.97,1000.82,850.01,0.025,Completed,EGP
ORD-101182,2024-03-14,CUST-0150,Retail,Aswan,Clothing,Store,2,357.3,714.6,607.24,0.195,Cancelled,EGP
ORD-100098,2024-08-31,CUST-0145,Wholesale,Alexandria,Clothing,Store,48,483.41,23203.56,18501.33,0.064,Completed,EGP
ORD-100447,2023-05-23,CUST-0314,Retail,Aswan,Groceries,Store,6,109.56,657.39,557.2,0.206,Completed,EGP
ORD-100013,2023-10-20,CUST-0249,Retail,Giza,Furniture,Online,5,2975.14,14875.69,8764.38,0.163,Cancelled,EGP
ORD-100595,2024-10-18,CUST-0255,Wholesale,,Clothing,Store,18,361.34,6504.16,5390.08,0.056,Completed,EGP
ORD-100734,2023-05-03,CUST-0296,Wholesale,Alexandria,Groceries,Online,16,93.66,1498.48,1197.43,0.103,Completed,EGP
ORD-100220,2024-10-20,CUST-0209,Retail,Giza,Electronics,Store,5,2140.52,10702.62,6775.28,0.225,Completed,EGP
ORD-100903,2024-08-18,CUST-0307,Wholesale,Giza,Furniture,Online,18,2218.07,39925.21,28680.4,0.046,Completed,EGP
ORD-100723,2023-03-27,CUST-0016,Retail,Alexandria,Groceries,Online,3,209.21,627.63,359.13,0.217,Completed,EGP
ORD-100448,2023-01-24,CUST-0242,Retail,Cairo,Furniture,Phone,8,1771.8,14174.39,11616.67,0.179,Cancelled,EGP
ORD-100987,2024-07-27,CUST-0053,Wholesale,Alexandria,Groceries,Online,21,121.27,2546.65,1405.61,0.023,Completed,EGP
ORD-100454,2023-09-14,CUST-0254,Retail,Aswan,Groceries,Store,5,81.63,408.16,275.21,,Completed,EGP
ORD-101168,2024-08-21,CUST-0080,Retail,,Furniture,Store,7,1791.85,12542.98,10038.5,0.144,Completed,EGP
ORD-100279,2023-12-23,CUST-0046,Retail,Alexandria,Clothing,Online,7,738.13,5166.94,2884.93,,Cancelled,EGP
ORD-100432,2023-11-16,CUST-0200,Wholesale,Cairo,Groceries,Online,9,202.3,1820.71,1317.49,,Completed,EGP
ORD-100111,2024-10-21,CUST-0042,Wholesale,Giza,Groceries,Phone,42,130.19,5467.83,3168.22,0.086,Completed,EGP
ORD-101087,2024-07-30,CUST-0185,Retail,Cairo,Electronics,Store,8,2873.77,22990.14,19412.92,0.003,Returned,EGP
ORD-100056,2024-10-17,CUST-0012,Wholesale,Giza,Clothing,Store,36,328.82,11837.42,7521.39,0.056,Completed,EGP
ORD-100546,2024-03-15,CUST-0139,Corporate,Alexandria,Electronics,Phone,2,2753.78,5507.56,4282.36,0.149,Completed,EGP
ORD-100611,2024-10-14,CUST-0227,Wholesale,Mansoura,Stationery,Store,24,52.18,1252.42,1019.15,0.1,Completed,EGP
ORD-100342,2023-02-20,CUST-0197,Wholesale,Cairo,Stationery,Online,32,43.91,1405.05,971.83,0.198,Completed,EGP
ORD-100078,2024-10-17,CUST-0160,Retail,Cairo,Groceries,Online,4,90.75,362.99,292.81,0.211,Completed,EGP
ORD-100035,2024-09-10,CUST-0247,Retail,Mansoura,Electronics,Online,6,2401.51,14409.08,9392.48,0.06,Completed,EGP
ORD-100254,2024-10-08,CUST-0066,Retail,Aswan,Stationery,Online,6,42.01,252.06,143.71,,Completed,EGP
ORD-101101,2024-02-02,CUST-0125,Retail,Cairo,Groceries,Online,3,87.75,263.26,163.09,0.055,Completed,EGP
ORD-101023,2024-01-26,CUST-0229,Retail,Cairo,Clothing,Phone,3,511.89,1535.68,1165.64,0.08,Completed,EGP
ORD-100025,2023-01-01,CUST-0213,Retail,Cairo,Groceries,Phone,5,187.19,935.93,558.16,0.058,Completed,EGP
ORD-100299,2023-06-08,CUST-0117,Retail,Cairo,Clothing,Phone,6,723.58,4341.47,2559.82,0.232,Completed,EGP
ORD-100327,2024-11-09,CUST-0261,Retail,Alexandria,Groceries,Phone,7,144.94,1014.59,694.16,0.088,Completed,EGP
ORD-100475,2023-07-06,CUST-0280,Retail,Alexandria,Clothing,Store,3,504.68,1514.04,949.72,0.152,Completed,EGP
ORD-100717,2024-09-21,CUST-0286,Retail,Giza,Furniture,Phone,6,2010.53,12063.18,6767.49,0.046,Completed,EGP
ORD-101038,2024-08-05,CUST-0045,Retail,Aswan,Electronics,Online,3,1487.04,4461.12,3526.91,0.128,Completed,EGP
ORD-101065,2023-10-16,CUST-0107,Retail,Cairo,Clothing,Store,3,529.84,1589.51,927.4,0.004,Completed,EGP
ORD-101158,2024-06-27,CUST-0278,Retail,,Groceries,Online,1,116.26,116.26,91.02,0.217,Completed,EGP
ORD-100122,2023-05-09,CUST-0214,Retail,Cairo,Clothing,Online,5,503.56,2517.82,,,Cancelled,EGP
ORD-100445,2024-09-14,CUST-0122,Retail,Aswan,Clothing,Store,7,332.48,2327.38,1408.06,0.142,Completed,EGP
ORD-101190,2024-12-17,CUST-0302,Retail,Cairo,Clothing,Store,7,756.44,5295.06,3791.73,0.119,Returned,EGP
ORD-100463,2024-11-30,CUST-0039,Retail,Cairo,Furniture,Online,4,3450.04,13800.17,8602.04,0.044,Completed,EGP
ORD-100411,2024-12-08,CUST-0092,Corporate,,Groceries,Store,2,170.33,340.66,286.27,0.164,Completed,EGP
ORD-100657,2024-03-13,CUST-0120,Retail,Cairo,Electronics,Store,5,1618.58,8092.88,5671.62,0.087,Completed,EGP
ORD-100722,2024-03-26,CUST-0104,Wholesale,Alexandria,Stationery,Store,35,64.18,2246.46,,0.136,Completed,EGP
ORD-101152,2023-11-30,CUST-0185,Retail,Mansoura,Stationery,Store,7,115.98,811.89,664.72,0.07,Completed,EGP
ORD-101023,2024-01-26,CUST-0229,Retail,Cairo,Clothing,Phone,3,511.89,1535.68,1165.64,0.08,Completed,EGP
ORD-100381,2023-11-24,CUST-0046,Retail,Mansoura,Electronics,Online,4,3340.47,13361.89,7837.57,0.015,Completed,EGP
ORD-100958,2024-11-02,CUST-0142,Retail,Aswan,Electronics,Store,3,3467.53,10402.59,6189.14,0.206,Completed,EGP
ORD-101039,2024-12-17,CUST-0081,Wholesale,Cairo,Furniture,Store,14,2293.82,32113.45,21730.3,0.031,Completed,EGP
ORD-100097,2024-02-08,CUST-0310,Retail,,Clothing,Phone,6,240.57,1443.43,1171.07,,Completed,EGP
ORD-100569,2024-07-26,CUST-0265,Retail,Cairo,Groceries,Store,8,61.98,495.84,396.78,0.026,Completed,EGP
ORD-100233,2024-04-13,CUST-0016,Wholesale,Cairo,Groceries,Online,35,141.79,4962.61,2909.59,0.014,Completed,EGP
ORD-101027,2023-10-22,CUST-0301,Wholesale,Alexandria,Clothing,Online,8,887.99,7103.91,4121.0,0.109,Returned,EGP
ORD-100738,2023-09-01,CUST-0184,Corporate,Alexandria,Stationery,Store,2,48.28,96.57,70.62,0.131,Completed,EGP
ORD-100442,2024-12-30,CUST-0043,Retail,Cairo,Clothing,Phone,5,405.01,2025.05,1437.34,0.223,Completed,EGP
ORD-100674,2023-07-22,CUST-0168,Retail,Giza,Electronics,Online,2,1546.62,3093.24,2232.4,0.037,Completed,EGP
ORD-100600,2023-02-20,CUST-0068,Wholesale,Giza,Furniture,Online,24,1435.32,34447.7,20368.8,0.128,Completed,EGP
ORD-100390,2024-08-19,CUST-0076,Retail,Cairo,Electronics,Online,5,1547.56,7737.81,4698.1,0.198,Returned,EGP
ORD-100950,2024-07-06,CUST-0217,Retail,Alexandria,Clothing,Store,1,394.2,394.2,251.31,0.041,Completed,EGP
ORD-100643,2024-05-28,CUST-0157,Retail,Cairo,Stationery,Store,7,46.51,325.6,259.72,0.1,Completed,EGP
ORD-100301,2024-01-03,CUST-0025,Retail,Cairo,Clothing,Online,5,542.57,2712.86,1784.52,0.163,Completed,EGP
ORD-101181,2024-08-08,CUST-0213,Retail,Giza,Electronics,Store,3,2260.24,6780.71,5201.08,0.061,Completed,EGP
ORD-100002,2023-10-19,CUST-0202,Corporate,Alexandria,Electronics,Store,7,2771.08,19397.55,13958.31,,Completed,EGP
ORD-100413,2023-11-16,CUST-0249,Corporate,Cairo,Furniture,Online,6,2466.8,14800.82,12347.62,0.129,Completed,EGP
ORD-100782,2023-11-22,CUST-0205,Retail,Cairo,Electronics,Online,4,4052.24,16208.96,13641.04,0.025,Completed,EGP
ORD-100822,2023-04-06,CUST-0050,Retail,Cairo,Furniture,Store,5,1321.52,6607.58,5296.19,0.053,Completed,EGP
ORD-100478,2024-12-22,CUST-0266,Wholesale,Mansoura,Furniture,Online,5,1610.65,8053.23,6642.99,0.161,Completed,EGP
ORD-100513,2023-03-30,CUST-0209,Retail,Cairo,Electronics,Online,5,2518.34,12591.72,10043.28,0.013,Completed,EGP
ORD-101110,2024-05-19,CUST-0151,Wholesale,Cairo,Electronics,Online,12,1311.85,15742.15,12189.0,0.232,Completed,EGP
ORD-100163,2023-12-23,CUST-0067,Corporate,Cairo,Stationery,Store,1,81.8,81.8,,0.098,Completed,EGP
ORD-100403,2023-08-24,CUST-0285,Retail,Cairo,Clothing,Store,5,551.93,2759.66,2228.94,0.161,Completed,EGP
ORD-100998,2023-08-08,CUST-0301,Wholesale,Cairo,Furniture,Online,7,2624.39,18370.74,14881.16,0.106,Completed,EGP
ORD-101056,2023-10-28,CUST-0004,Retail,Mansoura,Electronics,Store,8,3201.57,25612.59,18320.8,0.006,Completed,EGP
ORD-100062,2024-02-09,CUST-0292,Corporate,,Electronics,Online,8,2950.88,23607.03,13462.45,0.203,Completed,EGP
ORD-101105,2024-06-26,CUST-0076,Retail,Giza,Clothing,Store,5,400.62,2003.1,1175.76,0.115,Returned,EGP
ORD-101076,2024-04-07,CUST-0001,Wholesale,Aswan,Groceries,Online,35,191.98,6719.29,4832.05,0.173,Cancelled,EGP
ORD-100645,2024-10-03,CUST-0166,Retail,Cairo,Furniture,Store,5,2446.69,12233.45,9770.83,0.114,Completed,EGP
ORD-100059,2024-01-20,CUST-0144,Retail,Aswan,Clothing,Store,8,356.14,2849.11,2119.76,0.237,Completed,EGP
ORD-100075,2024-02-06,CUST-0054,Retail,Cairo,Groceries,Store,1,70.85,70.85,43.26,0.222,Returned,EGP
ORD-100090,2023-11-18,CUST-0163,Retail,Cairo,Stationery,Store,1,119.39,119.39,89.46,0.083,Completed,EGP
ORD-100201,2024-04-07,CUST-0068,Wholesale,Alexandria,Furniture,Store,49,1364.11,66841.61,44591.75,0.205,Returned,EGP
ORD-100191,2024-09-05,CUST-0230,Retail,Alexandria,Clothing,Phone,6,483.12,2898.74,1989.96,0.028,Completed,EGP
ORD-100888,2024-03-18,CUST-0040,Retail,Cairo,Clothing,Store,4,416.0,1664.01,1006.45,0.134,Completed,EGP
ORD-100792,2024-08-08,CUST-0214,Retail,Cairo,Groceries,Store,6,114.1,684.63,438.95,0.015,Returned,EGP
ORD-101028,2024-09-10,CUST-0304,Retail,Alexandria,Clothing,Phone,3,385.95,1157.85,813.01,0.086,Completed,EGP
ORD-101034,2024-10-15,CUST-0148,Retail,Alexandria,Groceries,Store,6,107.38,644.27,544.26,0.224,Completed,EGP
ORD-100821,2023-05-08,CUST-0055,Wholesale,,Electronics,Store,42,1439.9,60475.68,49740.71,0.165,Completed,EGP
ORD-101086,2024-12-16,CUST-0311,Corporate,Giza,Electronics,Online,3,4967.78,14903.35,12372.84,0.078,Completed,EGP
ORD-100248,2024-02-27,CUST-0088,Retail,Alexandria,Furniture,Store,6,1689.81,10138.85,8546.48,0.028,Completed,EGP
ORD-100214,2023-01-20,CUST-0264,Retail,Giza,Electronics,Online,1,2223.14,2223.14,1483.02,0.09,Cancelled,EGP
ORD-100178,2023-11-15,CUST-0171,Wholesale,Cairo,Groceries,Store,48,194.06,9314.88,7064.3,0.035,Completed,EGP
ORD-100612,2024-07-27,CUST-0093,Retail,Aswan,Electronics,Online,7,1897.57,13282.96,7953.01,0.231,Completed,EGP
ORD-100388,2023-06-06,CUST-0285,Wholesale,Alexandria,Clothing,Store,24,738.44,17722.58,10086.48,0.155,Completed,EGP
ORD-101082,2024-05-06,CUST-0186,Retail,Aswan,Clothing,Online,7,490.01,3430.06,2879.35,0.086,Completed,EGP
ORD-100481,2023-06-02,CUST-0075,Retail,Cairo,Groceries,Online,6,106.17,637.04,357.45,0.238,Completed,EGP
ORD-100979,2023-12-30,CUST-0096,Wholesale,Alexandria,Furniture,Online,18,3579.45,64430.02,49238.86,0.2,Completed,EGP
ORD-100816,2023-03-23,CUST-0300,Retail,Giza,Groceries,Store,1,106.4,106.4,81.64,0.031,Completed,EGP
ORD-100937,2024-11-23,CUST-0237,Retail,Cairo,Groceries,Online,1,188.37,188.37,103.73,,Completed,EGP
ORD-100520,2023-10-27,CUST-0005,Corporate,Cairo,Electronics,Store,3,2870.61,8611.84,6866.47,,Completed,EGP
ORD-100229,2023-07-24,CUST-0284,Wholesale,Cairo,Furniture,Phone,8,2282.03,18256.26,12938.76,0.009,Completed,EGP
ORD-101006,2023-10-12,CUST-0106,Retail,Cairo,Furniture,Online,2,2006.14,4012.28,2581.63,0.059,Completed,EGP
ORD-101092,2024-07-31,CUST-0199,Retail,Cairo,Groceries,Online,3,93.4,280.2,183.14,0.089,Completed,EGP
ORD-100773,2024-08-09,CUST-0156,Retail,Mansoura,Groceries,Online,7,146.85,1027.94,625.12,0.106,Returned,EGP
ORD-100791,2024-06-03,CUST-0190,Retail,Aswan,Groceries,Store,5,94.88,474.4,288.16,0.173,Completed,EGP
ORD-101078,2023-05-14,CUST-0217,Retail,Alexandria,Electronics,Store,6,3129.05,18774.27,15066.78,0.157,Completed,EGP
ORD-100596,2024-11-19,CUST-0176,Retail,Cairo,Clothing,Online,6,947.71,5686.26,,0.158,Completed,EGP
ORD-100648,2023-08-11,CUST-0190,Retail,Giza,Groceries,Online,5,81.38,406.88,296.26,,Completed,EGP
ORD-100300,2024-01-18,CUST-0186,Corporate,Giza,Stationery,Online,2,61.68,123.35,98.18,0.231,Completed,EGP
ORD-100897,2023-12-25,CUST-0090,Retail,Cairo,Stationery,Phone,4,46.53,186.13,152.99,0.21,Completed,EGP
ORD-100404,2023-08-21,CUST-0058,Retail,Mansoura,Electronics,Online,5,2620.41,13102.05,7830.95,0.048,Completed,EGP
ORD-100340,2024-07-11,CUST-0055,Corporate,Cairo,Furniture,Phone,1,1403.37,1403.37,1010.49,0.145,Completed,EGP
ORD-100745,2024-08-12,CUST-0112,Corporate,Cairo,Clothing,Store,1,582.92,582.92,368.52,0.036,Completed,EGP
ORD-101047,2024-09-17,CUST-0181,Retail,Cairo,Groceries,Store,6,110.27,661.6,371.24,0.187,Completed,EGP
ORD-100617,2024-10-18,CUST-0010,Retail,Cairo,Clothing,Phone,1,583.08,583.08,322.3,0.098,Completed,EGP
ORD-100820,2023-04-10,CUST-0006,Retail,Cairo,Electronics,Online,8,2327.62,18620.97,15101.8,0.105,Completed,EGP
ORD-100019,2023-06-15,CUST-0211,Retail,Alexandria,Groceries,Phone,4,105.13,420.53,231.64,0.234,Completed,EGP
ORD-101112,2024-03-07,CUST-0248,Wholesale,Cairo,Clothing,Online,30,401.74,12052.07,9598.14,0.198,Completed,EGP
ORD-100011,2023-10-01,CUST-0299,Retail,Giza,Groceries,Online,8,154.78,1238.23,914.0,0.248,Completed,EGP
ORD-100048,2023-08-11,CUST-0067,Retail,Giza,Groceries,Online,7,78.7,550.91,421.15,0.164,Completed,EGP
ORD-100627,2024-06-04,CUST-0257,Retail,Giza,Groceries,Online,1,138.81,138.81,90.17,0.124,Completed,EGP
ORD-100469,2024-01-14,CUST-0038,Retail,Mansoura,Electronics,Online,4,3134.02,12536.1,8954.26,0.11,Completed,EGP
ORD-100441,2024-09-13,CUST-0132,Corporate,Aswan,Clothing,Phone,2,403.27,806.54,576.18,0.23,Completed,EGP
ORD-100128,2023-02-15,CUST-0160,Retail,Cairo,Groceries,Online,2,66.03,132.07,109.44,0.107,Completed,EGP
ORD-101167,2024-03-05,CUST-0097,Corporate,Cairo,Furniture,Online,5,1665.72,8328.6,5244.58,0.012,Completed,EGP
ORD-100433,2024-12-02,CUST-0117,Retail,Alexandria,Groceries,Store,2,159.3,318.6,198.65,0.204,Completed,EGP
ORD-100970,2023-06-02,CUST-0190,Retail,Cairo,Furniture,Store,2,1833.18,3666.36,2999.35,0.016,Cancelled,EGP
ORD-100159,2024-03-24,CUST-0038,Retail,Alexandria,Clothing,Store,7,455.1,3185.68,1954.74,0.19,Completed,EGP
ORD-100186,2023-09-24,CUST-0279,Retail,Cairo,Electronics,Online,5,3616.22,18081.09,12173.37,0.14,Completed,EGP
ORD-100206,2023-12-02,CUST-0144,Retail,Cairo,Electronics,Store,3,3305.71,9917.12,8104.34,0.16,Completed,EGP
ORD-101093,2024-06-22,CUST-0071,Retail,Giza,Clothing,Store,8,346.3,2770.38,1642.77,0.103,Completed,EGP
ORD-101109,2024-10-13,CUST-0134,Wholesale,Aswan,Stationery,Store,18,49.39,889.1,650.51,0.075,Completed,EGP
ORD-100497,2023-02-04,CUST-0255,Wholesale,Cairo,Stationery,Online,21,56.05,1177.09,724.03,0.204,Completed,EGP
ORD-101040,2024-08-13,CUST-0228,Retail,Aswan,Stationery,Store,6,49.42,296.55,238.88,0.008,Completed,EGP
ORD-100079,2024-09-29,CUST-0049,Retail,Giza,Clothing,Store,6,528.18,3169.07,,0.063,Completed,EGP
ORD-100470,2024-08-07,CUST-0166,Retail,Mansoura,Groceries,Store,5,115.29,576.44,396.48,0.04,Completed,EGP
ORD-100906,2023-03-03,CUST-0198,Retail,Cairo,Electronics,Online,6,3734.15,22404.89,18584.25,0.063,Completed,EGP
ORD-101183,2024-01-19,CUST-0318,Retail,Alexandria,Groceries,Store,2,139.09,278.17,163.77,,Completed,EGP
ORD-100123,2023-12-22,CUST-0116,Retail,Cairo,Groceries,Online,2,126.8,253.59,147.96,0.162,Completed,EGP
ORD-100434,2024-06-28,CUST-0042,Retail,,Groceries,Online,3,118.95,356.85,296.01,0.17,Completed,EGP
ORD-100752,2024-07-11,CUST-0060,Wholesale,Aswan,Groceries,Store,12,140.85,1690.15,1425.71,0.073,Completed,EGP
ORD-100693,2024-05-29,CUST-0126,Wholesale,Giza,Furniture,Store,12,1552.41,18628.98,14460.87,0.122,Completed,EGP
ORD-100061,2023-05-08,CUST-0277,Retail,Alexandria,Electronics,Store,4,2307.17,9228.66,5614.41,0.227,Completed,EGP
ORD-100216,2023-01-31,CUST-0177,Retail,Cairo,Groceries,Phone,1,113.17,113.17,75.29,0.078,Completed,EGP
ORD-100763,2024-11-04,CUST-0283,Retail,Cairo,Electronics,Store,5,3221.31,16106.56,13293.32,0.017,Completed,EGP
ORD-100144,2024-09-04,CUST-0196,Corporate,Giza,Groceries,Online,5,149.69,748.44,415.08,0.156,Completed,EGP
ORD-100953,2024-09-21,CUST-0035,Retail,Giza,Furniture,Online,8,1519.2,12153.59,7668.05,0.029,Completed,EGP
ORD-100918,2024-01-17,CUST-0216,Retail,Cairo,Clothing,Phone,8,351.69,2813.49,1773.51,0.079,Completed,EGP
ORD-100725,2024-05-08,CUST-0313,Retail,Cairo,Stationery,Store,3,53.98,161.95,108.3,0.207,Completed,EGP
ORD-100483,2023-06-17,CUST-0113,Wholesale,Cairo,Clothing,Online,21,344.48,7234.12,4517.04,0.028,Completed,EGP
ORD-101140,2023-03-01,CUST-0260,Retail,Alexandria,Electronics,Online,4,3513.93,14055.72,11701.2,0.046,Completed,EGP
ORD-100332,2024-06-28,CUST-0075,Retail,Mansoura,Furniture,Store,4,2086.35,8345.41,5824.05,0.244,Completed,EGP
ORD-100533,2024-08-25,CUST-0085,Retail,Alexandria,Furniture,Online,1,1401.96,1401.96,1036.62,0.079,Completed,EGP
ORD-100488,2024-01-22,CUST-0135,Wholesale,Mansoura,Stationery,Store,28,51.4,1439.23,971.37,0.013,Completed,EGP
ORD-100968,2024-06-24,CUST-0029,Retail,Mansoura,Electronics,Online,4,1899.84,7599.37,5043.24,0.014,Completed,EGP
ORD-100548,2023-11-22,CUST-0115,Retail,Aswan,Electronics,Store,6,3234.25,19405.53,,0.229,Completed,EGP
ORD-100874,2024-04-23,CUST-0297,Retail,Cairo,Groceries,Store,4,242.27,969.07,578.27,,Completed,EGP
ORD-100447,2023-05-23,CUST-0314,Retail,Aswan,Groceries,Store,6,109.56,657.39,557.2,0.206,Completed,EGP
ORD-100482,2024-07-04,CUST-0054,Retail,Alexandria,Furniture,Online,4,1316.77,5267.08,3617.48,0.094,Completed,EGP
ORD-100806,2024-12-16,CUST-0031,Retail,Alexandria,Electronics,Store,2,2793.0,5585.99,4495.17,0.217,Completed,EGP
ORD-100860,2023-07-17,CUST-0016,Retail,Cairo,Electronics,Store,6,2903.09,17418.54,13366.33,0.075,Completed,EGP
ORD-100622,2024-02-09,CUST-0315,Retail,Alexandria,Clothing,Store,3,590.16,1770.49,1386.39,0.235,Completed,EGP
ORD-100588,2024-12-26,CUST-0083,Retail,Cairo,Stationery,Store,6,84.26,505.53,410.5,0.147,Completed,EGP
ORD-100736,2024-11-29,CUST-0209,Retail,Cairo,Furniture,Online,8,2599.54,20796.31,17187.77,0.155,Completed,EGP
ORD-100783,2023-08-04,CUST-0228,Corporate,Cairo,Clothing,Online,6,417.39,2504.32,1659.09,0.183,Completed,EGP
ORD-100877,2024-07-03,CUST-0062,Retail,Cairo,Groceries,Store,7,144.78,1013.46,630.62,0.134,Returned,EGP
ORD-101128,2023-07-25,CUST-0141,Corporate,Cairo,Groceries,Online,7,93.64,655.46,546.64,0.185,Completed,EGP
ORD-100290,2024-04-17,CUST-0015,Wholesale,Giza,Clothing,Phone,49,762.04,37339.88,28722.25,0.19,Completed,EGP
ORD-100978,2023-11-05,CUST-0295,Wholesale,Cairo,Electronics,Store,56,3858.84,216094.99,149204.54,0.129,Completed,EGP
ORD-100376,2024-11-08,CUST-0086,Wholesale,Alexandria,Groceries,Store,35,154.75,5416.32,4319.86,0.065,Completed,EGP
ORD-101151,2023-05-15,CUST-0263,Corporate,Cairo,Electronics,Store,6,2314.55,13887.31,9165.87,,Returned,EGP
ORD-100567,2023-02-24,CUST-0226,Wholesale,Cairo,Groceries,Store,16,135.58,2169.36,1599.39,0.197,Completed,EGP
ORD-100976,2024-06-05,CUST-0093,Retail,Alexandria,Stationery,Online,8,30.33,242.61,194.76,0.048,Completed,EGP
ORD-100361,2023-01-06,CUST-0154,Wholesale,Alexandria,Furniture,Online,56,2836.06,158819.26,127053.47,0.063,Completed,EGP
ORD-100466,2023-01-11,CUST-0234,Corporate,Cairo,Furniture,Store,7,1847.64,12933.47,9440.91,0.138,Completed,EGP
ORD-101079,2024-09-10,CUST-0167,Retail,Cairo,Electronics,Store,4,1914.25,7657.01,6415.49,0.084,Completed,EGP
ORD-101171,2024-04-04,CUST-0041,Wholesale,,Stationery,Store,40,40.44,1617.47,1123.58,0.195,Completed,EGP
ORD-100195,2023-12-31,CUST-0135,Retail,,Stationery,Online,5,90.23,451.16,373.62,0.015,Completed,EGP
ORD-101161,2023-02-22,CUST-0318,Retail,Giza,Groceries,Store,2,91.54,183.07,140.39,0.114,Completed,EGP
ORD-100307,2023-08-20,CUST-0063,Corporate,Aswan,Stationery,Store,2,110.12,220.23,148.17,0.113,Completed,EGP
ORD-100255,2023-03-29,CUST-0169,Wholesale,,Groceries,Online,24,70.32,1687.71,1154.56,0.235,Completed,EGP
ORD-100832,2024-07-05,CUST-0285,Retail,Giza,Clothing,Store,7,415.94,2911.58,1603.96,,Cancelled,EGP
ORD-100716,2023-11-06,CUST-0146,Wholesale,Mansoura,Groceries,Phone,25,231.15,5778.87,4633.69,0.074,Completed,EGP
ORD-100276,2024-12-21,CUST-0291,Corporate,Cairo,Stationery,Store,4,107.62,430.47,270.75,0.09,Completed,EGP
ORD-100437,2023-12-05,CUST-0302,Retail,Mansoura,Electronics,Store,5,4064.3,20321.49,14440.43,0.221,Completed,EGP
ORD-100202,2024-08-16,CUST-0284,Wholesale,Mansoura,Groceries,Store,56,124.55,6974.58,5059.65,0.239,Cancelled,EGP
ORD-100158,2023-11-10,CUST-0097,Wholesale,Alexandria,Groceries,Online,42,98.47,4135.84,2484.61,0.076,Completed,EGP
ORD-100352,2023-07-13,CUST-0058,Wholesale,Alexandria,Furniture,Online,32,1571.6,50291.17,31936.85,0.105,Completed,EGP
ORD-100956,2023-05-16,CUST-0168,Wholesale,Giza,Groceries,Online,48,161.15,7735.38,6459.5,,Completed,EGP
ORD-101031,2024-12-25,CUST-0135,Retail,Alexandria,Clothing,Store,7,609.8,4268.63,3140.41,0.189,Completed,EGP
ORD-100907,2024-03-12,CUST-0184,Retail,Cairo,Stationery,Online,1,56.66,56.66,31.51,0.143,Completed,EGP
ORD-101119,2023-11-15,CUST-0136,Wholesale,Cairo,Electronics,Store,6,2390.65,14343.87,9884.95,0.041,Completed,EGP
ORD-100994,2023-08-05,CUST-0199,Retail,Alexandria,Groceries,Store,8,85.21,681.64,421.15,0.189,Completed,EGP
ORD-100927,2024-07-22,CUST-0241,Corporate,Alexandria,Clothing,Online,2,538.92,1077.83,728.94,,Completed,EGP
ORD-100892,2023-05-12,CUST-0013,Retail,Giza,Electronics,Online,5,2133.16,10665.78,8289.91,,Completed,EGP
ORD-100165,2024-11-24,CUST-0040,Retail,Cairo,Furniture,Online,5,4360.81,21804.06,13697.08,,Completed,EGP
ORD-100403,2023-08-24,CUST-0285,Retail,Cairo,Clothing,Store,5,551.93,2759.66,2228.94,0.161,Completed,EGP
ORD-100394,2024-01-21,CUST-0249,Retail,Alexandria,Electronics,Online,4,2512.82,10051.28,7124.68,0.012,Completed,EGP
ORD-100709,2024-02-13,CUST-0273,Retail,Cairo,Furniture,Online,2,1854.83,3709.65,3081.88,0.074,Cancelled,EGP
ORD-100211,2023-11-15,CUST-0303,Retail,Giza,Clothing,Online,8,633.95,5071.63,2889.81,0.242,Completed,EGP
ORD-101136,2023-08-02,CUST-0117,Retail,Giza,Furniture,Store,4,1776.79,7107.16,5934.32,0.232,Completed,EGP
ORD-101016,2023-09-05,CUST-0128,Corporate,Cairo,Clothing,Store,4,428.55,1714.19,1286.51,0.137,Completed,EGP
ORD-100167,2023-07-31,CUST-0175,Wholesale,Aswan,Clothing,Store,14,487.54,6825.5,4260.71,0.24,Completed,EGP
ORD-100963,2024-01-30,CUST-0316,Retail,Cairo,Groceries,Store,8,93.05,744.38,484.89,0.144,Completed,EGP
ORD-101147,2023-09-13,CUST-0286,Corporate,Mansoura,Groceries,Store,1,143.64,143.64,81.66,0.185,Cancelled,EGP
ORD-100610,2024-08-27,CUST-0319,Retail,Alexandria,Clothing,Store,7,687.16,4810.15,3856.48,0.033,Completed,EGP
ORD-100449,2023-01-25,CUST-0018,Retail,Cairo,Groceries,Online,5,56.93,284.66,184.0,0.182,Completed,EGP
ORD-100790,2023-11-07,CUST-0048,Retail,Aswan,Groceries,Phone,1,229.71,229.71,159.81,0.063,Completed,EGP
ORD-100796,2024-02-22,CUST-0183,Retail,Alexandria,Groceries,Store,1,95.56,95.56,70.46,0.126,Completed,EGP
ORD-101050,2024-09-26,CUST-0274,Retail,Alexandria,Clothing,Online,2,308.49,616.99,411.85,0.15,Completed,EGP
ORD-100850,2023-09-12,CUST-0111,Wholesale,Mansoura,Electronics,Store,30,1584.06,47521.93,39108.45,0.056,Completed,EGP
ORD-100324,2024-07-18,CUST-0035,Retail,Giza,Groceries,Store,2,133.33,266.67,169.1,0.054,Completed,EGP
ORD-100527,2024-11-04,CUST-0226,Retail,Giza,Groceries,Store,6,142.97,857.85,518.35,0.201,Completed,EGP
ORD-100452,2024-09-17,CUST-0145,Retail,Cairo,Furniture,Online,7,1173.18,8212.25,4960.58,0.103,Completed,EGP
ORD-100367,2024-02-12,CUST-0268,Retail,Aswan,Furniture,Store,2,1742.33,3484.65,2877.23,0.124,Completed,EGP
ORD-100232,2023-09-20,CUST-0312,Retail,Alexandria,Groceries,Online,8,125.04,1000.32,823.3,0.138,Completed,EGP
ORD-100989,2024-04-16,CUST-0002,Wholesale,Alexandria,Groceries,Online,18,145.04,2610.65,1843.73,0.121,Completed,EGP
ORD-101066,2023-06-01,CUST-0101,Retail,Mansoura,Groceries,Online,6,81.32,487.9,268.7,0.248,Completed,EGP
ORD-100974,2024-03-09,CUST-0164,Wholesale,Cairo,Groceries,Store,20,75.66,1513.17,1049.08,,Completed,EGP
ORD-100405,2024-11-06,CUST-0314,Retail,Mansoura,Electronics,Online,3,2644.24,7932.72,6484.41,0.191,Completed,EGP
ORD-100268,2023-04-09,CUST-0077,Retail,Giza,Groceries,Phone,6,118.56,711.37,446.08,0.214,Returned,EGP
ORD-100865,2024-07-07,CUST-0034,Wholesale,Aswan,Furniture,Store,18,2595.65,46721.69,28226.79,0.088,Completed,EGP
ORD-100261,2023-03-03,CUST-0044,Wholesale,Cairo,Clothing,Online,56,504.03,28225.59,21466.28,0.065,Cancelled,EGP
ORD-100776,2024-04-08,CUST-0086,Retail,Giza,Furniture,Online,7,1360.59,9524.14,5877.99,0.011,Completed,EGP
ORD-100347,2023-07-25,CUST-0047,Retail,Cairo,Clothing,Online,7,512.88,3590.16,2629.29,0.184,Completed,EGP
ORD-100198,2023-07-23,CUST-0239,Retail,Cairo,Electronics,Store,2,2297.61,4595.21,3323.58,0.004,Completed,EGP
ORD-100788,2023-05-28,CUST-0248,Corporate,Aswan,Electronics,Phone,7,1991.26,13938.85,9026.08,0.175,Completed,EGP
ORD-100880,2023-10-02,CUST-0081,Retail,Mansoura,Groceries,Online,3,130.1,390.29,245.82,0.126,Cancelled,EGP
ORD-100087,2024-11-05,CUST-0237,Corporate,Cairo,Furniture,Phone,2,4491.68,8983.37,7077.26,0.188,Completed,EGP
ORD-100459,2024-12-27,CUST-0242,Retail,Cairo,Electronics,Store,7,2442.88,17100.13,12355.87,0.062,Completed,EGP
ORD-100748,2024-01-05,CUST-0117,Retail,Mansoura,Groceries,Store,8,90.03,720.21,402.23,0.159,Completed,EGP
ORD-100982,2024-01-07,CUST-0100,Corporate,,Clothing,Online,6,399.14,2394.86,1924.13,0.121,Completed,EGP
ORD-100397,2023-12-18,CUST-0280,Retail,Alexandria,Electronics,Online,2,4099.6,8199.19,5419.96,0.006,Completed,EGP
ORD-100107,2023-11-05,CUST-0050,Retail,Giza,Furniture,Online,8,2253.31,18026.46,,0.155,Completed,EGP
ORD-101037,2023-04-04,CUST-0242,Retail,,Stationery,Store,6,69.82,418.94,341.08,0.207,Completed,EGP
ORD-100372,2023-08-27,CUST-0171,Corporate,Alexandria,Groceries,Store,6,159.06,954.35,538.78,0.184,Completed,EGP
ORD-100385,2023-09-13,CUST-0172,Retail,Giza,Stationery,Store,7,89.63,627.42,477.35,0.063,Completed,EGP
ORD-100412,2023-04-01,CUST-0078,Retail,Cairo,Clothing,Store,7,521.82,3652.76,2855.89,0.151,Completed,EGP
ORD-100756,2023-02-13,CUST-0006,Corporate,Giza,Stationery,Online,2,73.43,146.86,104.51,0.194,Completed,EGP
ORD-100197,2024-07-10,CUST-0308,Retail,Cairo,Groceries,Online,6,112.92,677.54,462.78,0.169,Completed,EGP
ORD-100253,2023-02-20,CUST-0123,Wholesale,Giza,Furniture,Store,16,1774.84,28397.49,23096.97,0.185,Completed,EGP
ORD-101149,2024-12-24,CUST-0277,Retail,Cairo,Stationery,Store,3,92.48,277.44,171.48,,Completed,EGP
ORD-100132,2024-07-11,CUST-0013,Retail,Aswan,Groceries,Store,2,130.43,260.86,212.73,,Completed,EGP
ORD-100355,2024-06-10,CUST-0281,Corporate,Mansoura,Groceries,Online,1,101.42,101.42,61.63,0.216,Completed,EGP
ORD-100366,2024-02-19,CUST-0241,Retail,Alexandria,Clothing,Store,3,365.39,1096.18,723.96,0.08,Completed,EGP
ORD-100231,2023-12-23,CUST-0047,Retail,Giza,Clothing,Online,2,930.83,1861.67,1086.3,0.199,Completed,EGP
ORD-100519,2024-10-15,CUST-0133,Retail,Cairo,Electronics,Store,3,1685.19,5055.57,3964.88,0.126,Completed,EGP
ORD-101133,2023-01-29,CUST-0128,Retail,Mansoura,Electronics,Phone,6,2957.14,17742.84,,,Completed,EGP
ORD-100256,2024-09-23,CUST-0310,Corporate,Mansoura,Groceries,Store,4,221.41,885.63,622.14,0.174,Completed,EGP
ORD-100873,2023-08-27,CUST-0290,Retail,Mansoura,Electronics,Store,3,2525.24,7575.73,5443.83,0.167,Completed,EGP
ORD-100660,2023-11-29,CUST-0067,Wholesale,Cairo,Electronics,Store,16,3804.71,60875.39,36130.63,0.01,Completed,EGP
ORD-100267,2024-07-22,CUST-0068,Wholesale,Aswan,Groceries,Phone,16,148.41,2374.61,1734.76,0.161,Completed,EGP
ORD-100130,2024-12-09,CUST-0255,Retail,Cairo,Groceries,Store,3,96.91,290.73,178.37,0.2,Cancelled,EGP
ORD-100027,2024-11-02,CUST-0072,Retail,Mansoura,Clothing,Store,6,815.09,4890.54,3143.51,0.093,Completed,EGP
ORD-101146,2023-01-03,CUST-0305,Retail,,Furniture,Store,7,1958.34,13708.36,8996.59,0.066,Completed,EGP
ORD-101019,2023-06-14,CUST-0042,Wholesale,Alexandria,Stationery,Online,32,86.95,2782.56,1714.65,0.108,Completed,EGP
ORD-100690,2024-04-24,CUST-0288,Wholesale,Giza,Stationery,Store,21,60.73,1275.43,725.71,0.004,Completed,EGP
ORD-100023,2023-05-26,CUST-0166,Corporate,Alexandria,Electronics,Phone,5,2620.96,13104.81,10174.08,0.045,Completed,EGP
ORD-100423,2023-12-30,CUST-0240,Retail,Cairo,Groceries,Phone,1,196.98,196.98,158.0,0.118,Completed,EGP
ORD-100204,2023-11-18,CUST-0275,Corporate,Aswan,Electronics,Store,4,4703.28,18813.12,14659.95,0.238,Completed,EGP
ORD-100099,2023-07-11,CUST-0252,Retail,Cairo,Furniture,Online,1,2354.84,2354.84,1588.81,0.177,Completed,EGP
ORD-100436,2023-03-20,CUST-0271,Retail,Giza,Groceries,Online,2,162.88,325.75,241.23,0.14,Completed,EGP
ORD-101091,2023-05-15,CUST-0091,Retail,Alexandria,Furniture,Store,6,1581.79,9490.76,6014.06,0.221,Completed,EGP
ORD-100239,2023-06-13,CUST-0245,Retail,Alexandria,Electronics,Store,5,1582.5,7912.49,6258.6,0.161,Completed,EGP
ORD-100187,2023-07-15,CUST-0317,Retail,Aswan,Electronics,Online,3,2749.62,8248.86,4846.68,0.239,Completed,EGP
ORD-100096,2024-04-04,CUST-0041,Retail,Giza,Groceries,Store,5,107.25,536.25,363.9,0.248,Completed,EGP
ORD-100313,2024-08-07,CUST-0099,Retail,Alexandria,Electronics,Store,5,3073.28,15366.39,9812.47,0.208,Completed,EGP
ORD-100669,2024-05-24,CUST-0238,Retail,Giza,Groceries,Online,4,114.54,458.14,335.29,0.156,Completed,EGP
ORD-100296,2023-02-22,CUST-0047,Retail,Alexandria,Clothing,Online,8,412.31,3298.49,1940.48,0.037,Completed,EGP
ORD-101002,2024-01-03,CUST-0160,Retail,Giza,Groceries,Phone,5,97.68,488.41,366.46,0.082,Completed,EGP
ORD-100727,2024-11-01,CUST-0232,Corporate,,Clothing,Online,1,1070.17,1070.17,782.5,0.183,Completed,EGP
ORD-100926,2023-05-23,CUST-0161,Retail,Giza,Furniture,Store,3,3943.08,11829.23,7432.84,,Completed,EGP
ORD-101126,2023-05-03,CUST-0199,Retail,,Stationery,Store,2,65.86,131.72,94.24,0.003,Completed,EGP
ORD-101159,2023-01-08,CUST-0050,Retail,Alexandria,Stationery,Online,2,57.35,114.7,77.42,0.063,Completed,EGP
ORD-100341,2024-03-28,CUST-0174,Retail,Cairo,Clothing,Online,1,372.74,372.74,259.29,,Completed,EGP
ORD-100245,2024-06-13,CUST-0171,Wholesale,Giza,Electronics,Online,48,2180.15,104647.2,77851.37,0.213,Completed,EGP
ORD-100685,2023-03-08,CUST-0301,Retail,Aswan,Clothing,Phone,3,421.55,1264.64,967.87,0.057,Cancelled,EGP
ORD-101186,2023-11-10,CUST-0044,Corporate,Aswan,Clothing,Store,8,381.97,3055.77,2406.03,0.083,Completed,EGP
ORD-100929,2024-04-16,CUST-0220,Wholesale,Cairo,Stationery,Online,12,46.04,552.43,366.14,,Completed,EGP
ORD-100743,2024-09-27,CUST-0297,Retail,Alexandria,Clothing,Store,7,567.06,3969.41,2917.89,,Completed,EGP
ORD-101192,2023-06-09,CUST-0082,Retail,Alexandria,Clothing,Online,8,494.01,3952.08,2523.03,0.122,Completed,EGP
ORD-100654,2023-02-17,CUST-0134,Retail,Cairo,Clothing,Store,6,386.57,2319.45,1810.86,0.12,Completed,EGP
ORD-100913,2023-08-22,CUST-0085,Retail,Cairo,Groceries,Online,5,58.77,293.84,204.95,,Cancelled,EGP
ORD-101014,2024-12-17,CUST-0299,Retail,Alexandria,Stationery,Online,5,69.91,349.55,271.97,0.172,Completed,EGP
ORD-100861,2024-02-04,CUST-0155,Retail,Mansoura,Clothing,Store,2,327.99,655.97,450.2,0.178,Completed,EGP
ORD-101053,2023-05-18,CUST-0052,Wholesale,Alexandria,Clothing,Online,25,396.7,9917.55,8214.12,0.096,Cancelled,EGP
ORD-100750,2023-02-18,CUST-0059,Retail,Cairo,Furniture,Store,3,1629.44,4888.32,3293.72,0.078,Returned,EGP
ORD-100114,2024-09-26,CUST-0302,Wholesale,Mansoura,Stationery,Store,20,75.39,1507.79,977.32,0.179,Completed,EGP
ORD-100694,2024-10-16,CUST-0278,Retail,Cairo,Furniture,Online,6,1970.73,11824.36,10046.29,0.202,Completed,EGP
ORD-101121,2023-05-12,CUST-0159,Retail,Cairo,Groceries,Store,8,90.88,727.07,420.07,0.012,Completed,EGP
ORD-100961,2024-08-10,CUST-0125,Retail,Mansoura,Groceries,Online,2,94.54,189.09,147.31,0.124,Completed,EGP
ORD-100008,2023-02-21,CUST-0260,Retail,Alexandria,Electronics,Online,7,3013.42,21093.96,14598.88,0.2,Completed,EGP
ORD-100116,2024-10-09,CUST-0032,Retail,Giza,Clothing,Store,1,595.82,595.82,399.73,0.182,Completed,EGP
ORD-101075,2023-03-19,CUST-0086,Retail,Giza,Groceries,Online,7,147.8,1034.6,761.13,0.135,Completed,EGP
ORD-100699,2024-04-18,CUST-0017,Wholesale,Alexandria,Groceries,Online,12,170.88,2050.6,1443.81,0.058,Completed,EGP
ORD-100428,2024-07-12,CUST-0260,Retail,Mansoura,Furniture,Store,2,1660.86,3321.72,2316.25,0.217,Cancelled,EGP
ORD-100349,2023-04-23,CUST-0138,Wholesale,Cairo,Furniture,Store,35,1224.94,42872.75,26745.89,0.128,Completed,EGP
ORD-100665,2023-04-22,CUST-0119,Retail,Cairo,Groceries,Online,5,120.65,603.25,451.39,0.034,Completed,EGP
ORD-100875,2024-11-16,CUST-0176,Wholesale,Cairo,Furniture,Store,56,2504.93,140275.96,106673.54,0.018,Cancelled,EGP
ORD-100911,2024-11-30,CUST-0237,Retail,Cairo,Groceries,Phone,1,121.79,121.79,97.27,0.24,Completed,EGP
ORD-101026,2023-05-21,CUST-0220,Retail,,Groceries,Online,2,166.99,333.97,186.57,0.118,Completed,EGP
ORD-100661,2024-05-28,CUST-0254,Wholesale,Cairo,Furniture,Online,6,1275.84,7655.05,5818.71,,Completed,EGP
ORD-100074,2023-04-20,CUST-0195,Retail,Mansoura,Groceries,Store,4,77.77,311.08,228.21,,Cancelled,EGP
ORD-100945,2024-07-30,CUST-0174,Corporate,Aswan,Electronics,Store,7,2114.99,14804.9,9571.97,0.171,Completed,EGP
ORD-100935,2023-04-12,CUST-0088,Retail,Cairo,Clothing,Online,3,408.43,1225.3,792.21,0.049,Completed,EGP
ORD-100430,2024-04-07,CUST-0293,Retail,Giza,Groceries,Store,8,168.49,1347.93,1043.0,,Completed,EGP
ORD-100344,2023-10-10,CUST-0144,Retail,Giza,Stationery,Online,5,61.06,305.3,255.35,0.068,Completed,EGP
ORD-100969,2023-01-13,CUST-0129,Wholesale,Giza,Stationery,Phone,12,87.58,1051.01,761.34,0.101,Completed,EGP
ORD-101018,2024-03-18,CUST-0028,Retail,,Stationery,Store,6,62.05,372.32,251.07,0.033,Completed,EGP
ORD-100200,2023-03-27,CUST-0021,Corporate,Giza,Groceries,Online,2,155.44,310.89,198.46,0.042,Completed,EGP
ORD-100640,2024-04-30,CUST-0265,Retail,,Clothing,Online,5,418.72,2093.59,1604.59,0.02,Completed,EGP
ORD-100608,2023-04-11,CUST-0276,Retail,Mansoura,Clothing,Phone,1,248.03,248.03,185.73,0.187,Completed,EGP
ORD-100439,2024-10-21,CUST-0145,Retail,Giza,Groceries,Online,7,91.55,640.82,538.5,0.053,Completed,EGP
ORD-100115,2023-11-29,CUST-0307,Retail,Aswan,Furniture,Store,8,2069.44,16555.49,9623.41,0.033,Completed,EGP
ORD-100258,2024-07-01,CUST-0005,Retail,Cairo,Groceries,Online,8,175.18,1401.42,1090.22,0.216,Completed,EGP
ORD-100427,2024-05-17,CUST-0031,Retail,Alexandria,Groceries,Store,2,141.59,283.19,181.25,0.187,Completed,EGP
ORD-100831,2023-05-27,CUST-0290,Retail,Cairo,Clothing,Store,8,486.82,3894.56,2917.76,0.058,Completed,EGP
ORD-100102,2023-03-26,CUST-0171,Retail,,Furniture,Online,6,1285.54,7713.26,4960.63,0.179,Completed,EGP
ORD-101195,2024-11-13,CUST-0011,Wholesale,Giza,Stationery,Online,7,78.68,550.77,360.8,0.235,Returned,EGP
ORD-101103,2024-03-13,CUST-0137,Retail,Aswan,Furniture,Store,3,2081.29,6243.88,3794.55,0.111,Completed,EGP
ORD-101111,2023-12-10,CUST-0317,Wholesale,Giza,Furniture,Online,21,1796.83,37733.51,27567.73,0.154,Completed,EGP
ORD-100154,2023-02-15,CUST-0289,Retail,Mansoura,Clothing,Store,6,399.08,2394.48,1742.21,,Cancelled,EGP
ORD-100605,2024-05-23,CUST-0070,Wholesale,Giza,Electronics,Store,56,2381.2,133346.92,76947.36,,Completed,EGP
ORD-100487,2024-10-16,CUST-0241,Retail,Aswan,Furniture,Store,7,1662.39,11636.71,9673.66,0.151,Completed,EGP
ORD-101172,2023-02-06,CUST-0261,Wholesale,Cairo,Groceries,Store,8,91.38,731.06,550.42,0.08,Completed,EGP
ORD-100559,2023-08-10,CUST-0052,Corporate,Alexandria,Groceries,Store,129,80.37,10367.73,7257.41,0.02,Completed,EGP
ORD-100557,2023-05-01,CUST-0120,Retail,Giza,Groceries,Store,5,91.27,456.36,308.47,0.115,Completed,EGP
ORD-100271,2024-01-24,CUST-0106,Wholesale,Cairo,Stationery,Store,49,83.76,4104.36,2952.49,0.095,Cancelled,EGP
ORD-100175,2024-09-10,CUST-0275,Corporate,Mansoura,Stationery,Phone,5,50.51,252.57,176.71,0.224,Completed,EGP
ORD-100353,2023-04-29,CUST-0235,Retail,Cairo,Clothing,Online,6,416.34,2498.07,,0.228,Completed,EGP
ORD-100338,2023-03-14,CUST-0223,Retail,Mansoura,Electronics,Online,2,2091.4,4182.8,3324.55,0.1,Completed,EGP
ORD-100996,2023-02-16,CUST-0003,Retail,Cairo,Clothing,Store,8,484.85,3878.84,2808.24,0.205,Completed,EGP
ORD-100812,2024-09-05,CUST-0156,Retail,Alexandria,Groceries,Store,8,74.59,596.75,366.35,0.068,Completed,EGP
ORD-101137,2024-01-15,CUST-0024,Wholesale,Giza,Electronics,Online,24,3422.77,82146.56,58037.51,0.02,Returned,EGP
ORD-100094,2023-01-08,CUST-0038,Retail,Cairo,Clothing,Online,6,657.04,3942.22,3162.0,0.073,Completed,EGP
ORD-100601,2023-06-08,CUST-0166,Retail,Cairo,Clothing,Online,5,307.24,1536.22,1174.27,0.18,Completed,EGP
ORD-101174,2024-07-08,CUST-0152,Retail,Cairo,Clothing,Store,4,358.12,1432.47,1017.0,0.036,Completed,EGP
ORD-101153,2024-01-25,CUST-0197,Retail,Giza,Groceries,Online,3,136.89,410.67,,0.134,Completed,EGP
ORD-100728,2023-01-29,CUST-0080,Wholesale,Mansoura,Clothing,Phone,21,447.11,9389.32,6444.4,,Completed,EGP
ORD-100083,2023-05-16,CUST-0273,Retail,Mansoura,Stationery,Store,5,72.24,361.18,276.06,0.121,Completed,EGP
ORD-100408,2023-12-10,CUST-0207,Wholesale,Mansoura,Electronics,Online,30,4944.34,148330.13,102261.11,0.113,Returned,EGP
ORD-100730,2023-02-14,CUST-0123,Retail,Mansoura,Furniture,Store,3,1683.79,5051.38,3477.39,0.129,Completed,EGP
ORD-100398,2024-06-11,CUST-0277,Retail,Cairo,Clothing,Store,3,413.33,1239.98,773.57,0.17,Completed,EGP
ORD-100779,2023-04-04,CUST-0285,Retail,Mansoura,Furniture,Phone,8,2046.54,16372.36,9921.1,0.008,Completed,EGP
ORD-100908,2023-05-21,CUST-0145,Retail,Aswan,Groceries,Phone,1,128.03,128.03,88.52,0.073,Completed,EGP
ORD-100446,2023-10-12,CUST-0088,Retail,Cairo,Groceries,Online,2,128.22,256.44,192.02,0.173,Completed,EGP
ORD-100310,2023-02-07,CUST-0260,Retail,Aswan,Clothing,Store,4,508.12,2032.48,1432.47,0.244,Completed,EGP
ORD-100939,2023-08-08,CUST-0066,Corporate,Aswan,Groceries,Store,6,123.22,739.33,423.03,0.109,Completed,EGP
ORD-100464,2023-03-15,CUST-0220,Retail,Giza,Clothing,Online,8,511.84,4094.7,2502.59,0.056,Completed,EGP
ORD-101008,2023-06-13,CUST-0173,Retail,Cairo,Groceries,Store,4,81.03,324.11,211.65,0.201,Cancelled,EGP
ORD-101064,2024-05-01,CUST-0260,Corporate,Cairo,Groceries,Online,7,82.79,579.56,371.98,0.162,Completed,EGP
ORD-100389,2024-12-09,CUST-0113,Retail,Alexandria,Furniture,Online,6,3694.3,22165.82,13056.5,0.152,Completed,EGP
ORD-100819,2024-07-10,CUST-0025,Wholesale,Mansoura,Electronics,Phone,16,2928.25,46851.93,27946.05,0.118,Completed,EGP
ORD-100225,2024-10-24,CUST-0152,Corporate,Cairo,Clothing,Online,8,557.07,4456.58,2633.85,0.151,Completed,EGP
ORD-101035,2024-06-02,CUST-0005,Wholesale,Cairo,Groceries,Store,24,101.31,2431.48,1848.04,0.244,Completed,EGP
ORD-100089,2023-06-28,CUST-0098,Retail,Giza,Groceries,Online,8,112.05,896.39,718.97,0.054,Returned,EGP
ORD-100137,2023-01-24,CUST-0266,Retail,Cairo,Electronics,Online,3,3180.16,9540.49,5667.78,0.191,Completed,EGP
ORD-100859,2023-05-09,CUST-0164,Retail,Mansoura,Electronics,Online,6,1933.7,11602.18,9366.35,0.035,Completed,EGP
ORD-100786,2024-06-24,CUST-0303,Retail,Alexandria,Clothing,Store,1,342.01,342.01,216.03,,Completed,EGP
ORD-100647,2023-09-30,CUST-0139,Wholesale,Alexandria,Groceries,Online,28,150.35,4209.83,3496.86,0.242,Completed,EGP
ORD-100337,2024-08-03,CUST-0113,Wholesale,Cairo,Stationery,Online,6,54.57,327.41,238.1,0.134,Completed,EGP
ORD-100658,2023-03-08,CUST-0135,Retail,Mansoura,Electronics,Store,6,2153.3,12919.83,,0.073,Completed,EGP
ORD-100472,2024-10-30,CUST-0039,Corporate,Aswan,Electronics,Store,8,1849.07,14792.54,8358.47,0.156,Completed,EGP
ORD-100708,2024-03-04,CUST-0161,Retail,Aswan,Groceries,Store,4,126.39,505.55,361.17,0.08,Completed,EGP
ORD-100133,2024-12-25,CUST-0166,Retail,Cairo,Stationery,Store,5,58.6,293.02,202.45,0.082,Completed,EGP
ORD-100672,2023-06-21,CUST-0243,Wholesale,Mansoura,Electronics,Online,8,3745.03,29960.23,19744.7,0.136,Completed,EGP
ORD-100280,2023-03-10,CUST-0008,Retail,Mansoura,Clothing,Store,8,495.3,3962.37,3025.63,0.077,Completed,EGP
ORD-100966,2024-12-28,CUST-0213,Corporate,Cairo,Stationery,Store,5,68.04,340.22,245.98,0.25,Completed,EGP
ORD-100701,2023-11-23,CUST-0297,Wholesale,Aswan,Groceries,Phone,36,122.74,4418.66,2795.35,,Completed,EGP
ORD-100878,2023-09-10,CUST-0087,Wholesale,Alexandria,Electronics,Online,8,1508.58,12068.66,7289.66,0.144,Cancelled,EGP
ORD-100990,2024-01-17,CUST-0020,Retail,Mansoura,Groceries,Store,5,171.32,856.58,583.83,0.193,Completed,EGP
ORD-100811,2024-03-17,CUST-0172,Retail,Cairo,Electronics,Online,6,1785.68,10714.1,5975.63,0.141,Completed,EGP
ORD-100150,2024-06-27,CUST-0223,Retail,Aswan,Groceries,Store,6,94.7,568.18,450.7,0.182,Completed,EGP
ORD-100577,2023-05-11,CUST-0121,Wholesale,Giza,Furniture,Online,16,2754.09,44065.45,30749.8,0.217,Completed,EGP
ORD-100535,2023-12-15,CUST-0204,Corporate,Mansoura,Clothing,Online,4,793.91,3175.63,2143.56,0.169,Completed,EGP
ORD-100492,2024-07-21,CUST-0303,Wholesale,Cairo,Furniture,Store,5,1722.12,8610.58,6338.52,0.02,Completed,EGP
ORD-100022,2024-08-19,CUST-0165,Retail,Mansoura,Electronics,Phone,7,1925.63,13479.39,10508.44,0.229,Completed,EGP
ORD-100277,2024-04-22,CUST-0304,Retail,Giza,Electronics,Phone,4,1879.39,7517.55,5218.21,0.111,Completed,EGP
ORD-100954,2024-04-21,CUST-0215,Retail,Aswan,Electronics,Store,4,2740.79,10963.15,6619.57,0.154,Completed,EGP
ORD-100675,2024-10-03,CUST-0306,Retail,Cairo,Electronics,Online,8,2375.95,19007.58,14493.47,0.046,Returned,EGP
ORD-100050,2024-01-06,CUST-0277,Wholesale,Cairo,Groceries,Online,9,78.29,704.61,481.07,0.163,Completed,EGP
ORD-100444,2024-10-19,CUST-0049,Wholesale,Alexandria,Groceries,Online,24,139.27,3342.5,2197.94,0.131,Completed,EGP
ORD-101097,2024-03-30,CUST-0245,Retail,Cairo,Groceries,Online,7,97.77,684.4,519.41,0.135,Completed,EGP
ORD-100017,2024-03-04,CUST-0195,Corporate,Giza,Electronics,Store,7,2742.42,19196.97,14738.99,0.221,Completed,EGP
ORD-100322,2023-02-04,CUST-0072,Retail,Cairo,Furniture,Store,5,2664.87,13324.35,8080.2,0.066,Completed,EGP
ORD-100391,2024-10-04,CUST-0051,Wholesale,Mansoura,Groceries,Store,18,99.37,1788.67,1198.35,0.019,Completed,EGP
ORD-100855,2023-12-23,CUST-0071,Retail,Mansoura,Stationery,Store,1,59.77,59.77,42.81,0.013,Completed,EGP
ORD-100077,2023-07-13,CUST-0063,Wholesale,Giza,Furniture,Store,56,1786.34,100035.3,58401.32,0.036,Completed,EGP
ORD-100155,2023-06-02,CUST-0210,Wholesale,Aswan,Stationery,Store,12,112.63,1351.59,1073.79,0.043,Completed,EGP
ORD-100680,2024-09-11,CUST-0111,Retail,Giza,Groceries,Online,1,108.84,108.84,72.5,0.177,Completed,EGP
ORD-100533,2024-08-25,CUST-0085,Retail,Alexandria,Furniture,Online,1,1401.96,1401.96,1036.62,0.079,Completed,EGP
ORD-100836,2024-11-27,CUST-0128,Wholesale,Alexandria,Clothing,Store,18,541.5,9747.01,7186.84,0.146,Completed,EGP
ORD-100491,2023-12-11,CUST-0113,Retail,Cairo,Electronics,Store,5,3494.83,17474.13,11412.41,0.074,Cancelled,EGP
ORD-100923,2024-08-16,CUST-0001,Retail,Cairo,Stationery,Online,6,71.18,427.09,252.32,0.134,Completed,EGP
ORD-100549,2024-11-23,CUST-0112,Corporate,Mansoura,Electronics,Phone,4,1831.69,7326.78,5157.55,0.245,Completed,EGP
ORD-100484,2023-05-17,CUST-0057,Retail,Cairo,Groceries,Phone,2,141.53,283.06,219.6,0.187,Completed,EGP
ORD-100086,2024-01-26,CUST-0009,Retail,Cairo,Groceries,Online,5,118.94,594.68,489.02,0.135,Completed,EGP
ORD-100815,2023-12-04,CUST-0185,Corporate,Mansoura,Groceries,Online,6,278.46,1670.76,1392.82,0.162,Completed,EGP
ORD-100742,2023-08-14,CUST-0034,Retail,Aswan,Groceries,Store,5,127.58,637.92,531.76,0.157,Completed,EGP
ORD-101074,2023-11-09,CUST-0101,Retail,Cairo,Groceries,Online,1,145.67,145.67,98.91,0.183,Completed,EGP
ORD-100848,2024-11-10,CUST-0304,Wholesale,Alexandria,Electronics,Store,40,3387.74,135509.47,104863.79,0.083,Completed,EGP
ORD-100109,2024-08-01,CUST-0006,Retail,Alexandria,Groceries,Online,5,112.68,563.38,369.56,0.054,Completed,EGP
ORD-101001,2023-02-06,CUST-0118,Retail,Mansoura,Groceries,Online,5,169.82,849.11,653.25,0.051,Returned,EGP
ORD-100551,2024-01-17,CUST-0318,Corporate,Cairo,Electronics,Store,1,2554.18,2554.18,1805.26,,Completed,EGP
ORD-101102,2023-11-12,CUST-0226,Corporate,Alexandria,Groceries,Store,2,130.23,260.46,166.77,0.126,Completed,EGP
ORD-100617,2024-10-18,CUST-0010,Retail,Cairo,Clothing,Phone,1,583.08,583.08,322.3,0.098,Completed,EGP
ORD-100221,2024-12-09,CUST-0175,Retail,Aswan,Furniture,Online,4,2435.12,9740.47,7789.72,0.016,Completed,EGP
ORD-100318,2024-03-13,CUST-0290,Retail,Mansoura,Clothing,Store,4,491.48,1965.9,1347.87,0.226,Cancelled,EGP
ORD-100354,2024-10-25,CUST-0090,Wholesale,Cairo,Clothing,Online,35,423.27,14814.57,9972.9,0.228,Completed,EGP
ORD-100006,2023-05-06,CUST-0202,Wholesale,Aswan,Electronics,Online,30,1840.28,55208.47,43356.18,0.103,Completed,EGP
ORD-100037,2024-04-12,CUST-0306,Retail,Aswan,Clothing,Online,3,263.26,789.77,567.2,0.183,Completed,EGP
ORD-101083,2024-10-20,CUST-0073,Retail,Alexandria,Furniture,Phone,5,2279.84,11399.2,9201.51,0.175,Completed,EGP
ORD-100171,2023-01-01,CUST-0022,Corporate,,Electronics,Online,7,2134.12,14938.87,8321.79,0.032,Completed,EGP
ORD-100207,2023-03-10,CUST-0305,Retail,Giza,Furniture,Online,4,993.89,3975.56,3031.56,0.244,Completed,EGP
ORD-100034,2023-03-16,CUST-0093,Retail,Cairo,Groceries,Online,1,80.19,80.19,64.81,0.228,Completed,EGP
ORD-100637,2023-08-27,CUST-0048,Corporate,Alexandria,Groceries,Store,7,164.63,1152.4,893.96,0.047,Completed,EGP
ORD-100664,2023-10-28,CUST-0305,Retail,Giza,Furniture,Store,3,2530.29,7590.87,4643.66,0.099,Completed,EGP
ORD-100788,2023-05-28,CUST-0248,Corporate,Aswan,Electronics,Phone,7,1991.26,13938.85,9026.08,0.175,Completed,EGP
ORD-100801,2024-10-24,CUST-0197,Wholesale,Alexandria,Groceries,Online,16,189.72,3035.46,1907.76,0.035,Completed,EGP
ORD-100185,2024-12-27,CUST-0019,Corporate,Giza,Furniture,Store,8,2156.57,17252.56,9974.25,0.034,Completed,EGP
ORD-100507,2024-01-14,CUST-0070,Retail,Giza,Groceries,Online,8,122.11,976.88,778.71,0.205,Completed,EGP
ORD-100030,2023-03-09,CUST-0297,Retail,Cairo,Groceries,Store,2,113.69,227.38,153.55,0.006,Completed,EGP
ORD-100575,2024-09-23,CUST-0113,Wholesale,Mansoura,Groceries,Store,35,107.99,3779.52,2635.8,0.056,Cancelled,EGP
ORD-100841,2023-08-06,CUST-0073,Retail,Giza,Electronics,Store,3,3501.09,10503.28,7287.05,,Completed,EGP
ORD-100085,2024-03-10,CUST-0108,Retail,Cairo,Clothing,Store,2,557.09,1114.17,868.95,,Completed,EGP
ORD-100529,2023-11-05,CUST-0101,Retail,Alexandria,Clothing,Store,2,707.64,1415.27,972.33,0.059,Completed,EGP
ORD-100614,2024-08-11,CUST-0002,Retail,Mansoura,Clothing,Phone,6,459.18,2755.05,1710.84,0.212,Completed,EGP
ORD-100266,2023-02-09,CUST-0213,Retail,Cairo,Groceries,Store,5,191.52,957.6,679.49,0.115,Completed,EGP
ORD-100287,2024-12-09,CUST-0276,Retail,Cairo,Clothing,Online,3,626.22,1878.66,1347.16,,Completed,EGP
ORD-100438,2023-10-31,CUST-0093,Retail,Cairo,Groceries,Phone,3,122.32,366.96,258.99,0.024,Completed,EGP
ORD-100084,2023-08-12,CUST-0267,Retail,Giza,Groceries,Store,3,257.24,771.72,572.01,0.213,Completed,EGP
ORD-100636,2024-12-23,CUST-0144,Retail,Alexandria,Stationery,Store,7,113.46,794.19,662.79,0.202,Returned,EGP
ORD-100972,2023-02-01,CUST-0064,Retail,Giza,Electronics,Store,1,1271.04,1271.04,795.35,0.151,Completed,EGP
ORD-100826,2023-10-29,CUST-0074,Retail,Giza,Furniture,Online,2,2079.04,4158.08,3350.93,0.091,Returned,EGP
ORD-100992,2024-12-18,CUST-0140,Retail,Cairo,Electronics,Store,1,4087.43,4087.43,2380.99,0.196,Completed,EGP
ORD-100250,2024-05-31,CUST-0230,Retail,Alexandria,Clothing,Store,3,551.53,1654.59,1020.79,0.094,Completed,EGP
ORD-101170,2023-11-22,CUST-0265,Retail,Cairo,Electronics,Online,5,3195.3,15976.52,10230.76,0.01,Completed,EGP
ORD-101072,2024-05-16,CUST-0020,Retail,Aswan,Groceries,Online,5,72.41,362.05,282.05,0.193,Completed,EGP
ORD-100667,2023-06-10,CUST-0267,Retail,Cairo,Electronics,Phone,8,2724.55,21796.42,13914.31,0.213,Completed,EGP
ORD-100244,2023-01-24,CUST-0128,Wholesale,Alexandria,Electronics,Phone,36,2176.6,78357.45,54719.25,0.143,Completed,EGP
ORD-100203,2024-03-29,CUST-0072,Corporate,Alexandria,Electronics,Store,6,2040.97,12245.83,8330.86,0.098,Cancelled,EGP
ORD-100587,2023-03-25,CUST-0154,Corporate,Giza,Furniture,Store,3,2460.86,7382.57,5219.65,0.18,Completed,EGP
ORD-100769,2024-03-26,CUST-0129,Retail,Aswan,Furniture,Online,3,1660.22,4980.67,3133.68,0.185,Completed,EGP
ORD-100285,2024-07-26,CUST-0160,Retail,Cairo,Clothing,Online,6,568.19,3409.13,2368.66,0.056,Completed,EGP
ORD-101044,2024-05-25,CUST-0310,Retail,Alexandria,Groceries,Store,5,81.12,405.59,247.99,0.133,Completed,EGP
ORD-100985,2023-04-04,CUST-0203,Retail,Alexandria,Electronics,Online,7,2785.87,19501.09,14478.37,0.231,Completed,EGP
ORD-100517,2024-05-20,CUST-0055,Retail,Cairo,Groceries,Store,5,139.68,698.39,445.06,0.126,Cancelled,EGP
ORD-100371,2023-11-03,CUST-0318,Corporate,Alexandria,Clothing,Phone,4,1047.59,4190.35,2427.74,0.011,Completed,EGP
ORD-101120,2023-06-14,CUST-0260,Retail,Mansoura,Groceries,Store,7,183.56,1284.9,1039.73,0.118,Completed,EGP
ORD-101030,2023-07-02,CUST-0221,Retail,Cairo,Clothing,Store,7,408.94,2862.55,2118.94,0.15,Completed,EGP
ORD-100991,2024-05-21,CUST-0092,Retail,Cairo,Electronics,Online,4,3232.44,12929.74,9775.23,0.209,Completed,EGP
ORD-100951,2024-12-16,CUST-0154,Retail,Giza,Furniture,Store,1,1082.79,1082.79,713.84,0.208,Completed,EGP
ORD-100741,2023-07-27,CUST-0173,Retail,Mansoura,Groceries,Online,2,113.34,226.68,135.12,0.144,Completed,EGP
ORD-100592,2024-05-22,CUST-0064,Retail,Giza,Stationery,Store,8,73.34,586.73,396.9,0.24,Completed,EGP
ORD-100257,2023-05-16,CUST-0109,Retail,Alexandria,Clothing,Online,8,354.13,2833.01,2228.37,0.065,Completed,EGP
ORD-100118,2024-05-26,CUST-0050,Retail,Cairo,Stationery,Online,4,52.44,209.77,133.96,0.22,Completed,EGP
ORD-100190,2023-11-02,CUST-0274,Retail,Cairo,Clothing,Online,2,709.46,1418.91,876.6,0.008,Completed,EGP
ORD-100018,2024-06-20,CUST-0029,Corporate,Cairo,Groceries,Store,6,89.02,534.12,356.93,0.157,Completed,EGP
ORD-101011,2024-09-07,CUST-0035,Retail,Giza,Electronics,Store,2,2871.25,5742.51,3687.59,0.12,Completed,EGP
ORD-100210,2024-12-22,CUST-0053,Retail,Cairo,Clothing,Store,2,625.05,1250.09,974.69,,Completed,EGP
ORD-100698,2024-11-28,CUST-0248,Retail,Giza,Groceries,Online,6,100.81,604.86,337.96,0.122,Completed,EGP
ORD-100498,2024-10-06,CUST-0156,Retail,Giza,Stationery,Phone,8,63.0,504.02,380.77,0.011,Cancelled,EGP
ORD-100714,2023-08-22,CUST-0156,Retail,Alexandria,Clothing,Store,7,497.15,3480.07,2320.33,,Completed,EGP
ORD-101194,2024-04-20,CUST-0043,Retail,Alexandria,Clothing,Online,4,712.47,2849.87,2017.46,0.088,Completed,EGP
ORD-101021,2024-05-15,CUST-0191,Retail,Giza,Groceries,Store,2,92.35,184.69,147.53,0.049,Completed,EGP
ORD-100771,2024-08-30,CUST-0065,Wholesale,Mansoura,Groceries,Online,15,108.56,1628.45,1045.57,0.081,Completed,EGP
ORD-100142,2024-02-04,CUST-0090,Wholesale,Giza,Electronics,Online,64,2170.27,138896.97,76986.02,0.069,Cancelled,EGP
ORD-100162,2024-08-14,CUST-0298,Retail,Cairo,Clothing,Store,5,581.47,2907.37,2010.77,0.233,Completed,EGP
ORD-101138,2024-12-30,CUST-0311,Wholesale,Cairo,Electronics,Store,40,6589.74,263589.65,212492.49,0.049,Completed,EGP
ORD-100101,2024-01-28,CUST-0011,Retail,Alexandria,Groceries,Store,3,149.31,447.92,380.09,0.064,Completed,EGP
ORD-100060,2024-05-07,CUST-0096,Corporate,Giza,Electronics,Store,6,3059.35,18356.11,12991.59,0.217,Completed,EGP
ORD-100240,2024-08-05,CUST-0227,Wholesale,Giza,Clothing,Online,24,286.05,6865.18,4566.74,0.206,Completed,EGP
ORD-100846,2023-12-02,CUST-0032,Corporate,Alexandria,Electronics,Online,1,2199.9,2199.9,1243.42,0.095,Completed,EGP
ORD-100496,2023-10-09,CUST-0216,Retail,Alexandria,Clothing,Store,4,555.01,2220.04,1470.94,0.049,Completed,EGP
ORD-100678,2024-01-12,CUST-0173,Retail,Aswan,Groceries,Online,4,102.07,408.28,309.52,0.019,Cancelled,EGP
ORD-100021,2023-01-08,CUST-0297,Wholesale,Giza,Electronics,Online,4,1750.33,7001.32,4794.88,0.091,Completed,EGP
ORD-100181,2024-07-17,CUST-0121,Wholesale,Alexandria,Groceries,Store,32,179.56,5745.84,4713.93,0.036,Completed,EGP
ORD-100217,2023-09-29,CUST-0172,Retail,Cairo,Furniture,Online,8,1274.48,10195.83,6794.73,0.062,Cancelled,EGP
ORD-100579,2024-03-13,CUST-0259,Retail,Giza,Groceries,Phone,6,67.06,402.38,264.33,,Completed,EGP
ORD-100521,2024-09-30,CUST-0032,Retail,Mansoura,Clothing,Online,6,599.15,3594.93,2542.57,,Completed,EGP
ORD-100718,2023-07-13,CUST-0200,Retail,Mansoura,Furniture,Phone,8,1718.64,13749.12,9212.5,0.215,Completed,EGP
ORD-100805,2024-11-03,CUST-0125,Retail,Giza,Clothing,Store,3,568.32,1704.97,1447.81,0.169,Completed,EGP
ORD-100814,2024-03-14,CUST-0224,Retail,Mansoura,Stationery,Phone,8,39.85,318.82,175.39,0.109,Completed,EGP
ORD-100578,2024-12-14,CUST-0281,Corporate,Cairo,Electronics,Online,1,2845.84,2845.84,2128.64,,Completed,EGP
ORD-100915,2024-02-01,CUST-0045,Wholesale,Alexandria,Clothing,Store,8,472.25,3778.01,2959.23,0.013,Completed,EGP
ORD-100263,2023-04-10,CUST-0168,Retail,Giza,Furniture,Phone,4,2017.6,8070.41,5577.86,0.036,Completed,EGP
ORD-100212,2024-03-26,CUST-0260,Retail,Alexandria,Clothing,Online,8,356.01,2848.09,1951.58,0.141,Completed,EGP
ORD-100770,2024-05-31,CUST-0196,Retail,Cairo,Electronics,Store,2,1192.04,2384.08,1853.95,0.027,Completed,EGP
ORD-100818,2023-02-16,CUST-0107,Retail,Alexandria,Stationery,Online,1,56.95,56.95,47.26,,Completed,EGP
ORD-100659,2023-06-20,CUST-0052,Retail,Cairo,Electronics,Store,5,1862.74,9313.71,5537.17,0.173,Cancelled,EGP
ORD-100457,2023-12-28,CUST-0283,Wholesale,Alexandria,Clothing,Store,24,457.85,10988.43,8644.4,0.218,Completed,EGP
ORD-100515,2024-05-28,CUST-0153,Retail,Giza,Groceries,Store,2,146.05,292.11,221.73,,Cancelled,EGP
ORD-100359,2024-09-04,CUST-0102,Retail,Cairo,Groceries,Online,7,108.62,760.33,428.11,,Completed,EGP
ORD-100713,2023-12-13,CUST-0313,Wholesale,Cairo,Groceries,Store,4,194.13,776.51,557.85,0.127,Completed,EGP
ORD-100091,2024-05-13,CUST-0262,Retail,Alexandria,Groceries,Online,6,111.24,667.44,442.24,0.229,Completed,EGP
ORD-100416,2023-09-16,CUST-0293,Retail,Alexandria,Furniture,Phone,4,1430.57,5722.28,4624.94,,Completed,EGP
ORD-100320,2024-11-29,CUST-0168,Wholesale,Cairo,Clothing,Store,7,954.14,6679.01,4776.61,0.154,Completed,EGP
ORD-100295,2024-09-02,CUST-0017,Retail,Alexandria,Groceries,Store,6,137.71,826.28,584.31,0.05,Completed,EGP
ORD-100843,2024-08-05,CUST-0165,Retail,Cairo,Electronics,Online,5,3443.07,17215.33,10286.73,0.065,Completed,EGP
ORD-101058,2024-10-09,CUST-0171,Wholesale,Mansoura,Groceries,Online,5,93.95,469.75,278.69,0.112,Completed,EGP
ORD-100793,2023-05-16,CUST-0271,Retail,Aswan,Groceries,Phone,4,130.98,523.93,368.21,,Completed,EGP
ORD-101139,2023-11-15,CUST-0038,Retail,Giza,Electronics,Store,3,3725.33,11175.98,8670.3,0.232,Completed,EGP
ORD-101013,2024-03-19,CUST-0294,Corporate,Aswan,Groceries,Store,4,134.37,537.5,324.75,0.139,Completed,EGP
ORD-100561,2023-10-07,CUST-0083,Retail,Alexandria,Stationery,Online,8,44.29,354.31,206.4,0.231,Completed,EGP
ORD-100429,2023-07-24,CUST-0059,Corporate,Giza,Groceries,Store,6,125.76,754.58,516.07,0.159,Completed,EGP
ORD-100838,2024-03-04,CUST-0243,Retail,Alexandria,Furniture,Online,8,1691.8,13534.38,7776.59,0.238,Completed,EGP
ORD-100719,2023-02-02,CUST-0127,Retail,Cairo,Stationery,Online,8,52.67,421.35,270.07,0.176,Completed,EGP
ORD-100889,2023-10-12,CUST-0014,Retail,,Clothing,Online,3,341.43,1024.29,622.29,0.103,Completed,EGP
ORD-100847,2024-07-22,CUST-0195,Wholesale,Giza,Clothing,Online,15,337.23,5058.38,3221.24,0.072,Cancelled,EGP
ORD-101165,2024-09-26,CUST-0120,Retail,Cairo,Stationery,Store,3,62.98,188.93,131.49,0.052,Completed,EGP
ORD-100687,2023-04-14,CUST-0264,Retail,Cairo,Furniture,Phone,3,1189.55,3568.65,2232.09,0.166,Completed,EGP
ORD-100775,2023-12-31,CUST-0112,Retail,Cairo,Groceries,Phone,8,178.55,1428.4,1097.33,0.133,Completed,EGP
ORD-100555,2023-11-05,CUST-0063,Wholesale,Alexandria,Electronics,Online,49,2563.88,125630.36,98660.74,0.158,Completed,EGP
ORD-100387,2023-06-06,CUST-0153,Retail,Alexandria,Clothing,Online,5,420.04,2100.19,1342.9,0.041,Completed,EGP
ORD-101199,2023-05-10,CUST-0189,Wholesale,Mansoura,Stationery,Online,9,80.44,723.95,,0.177,Completed,EGP
ORD-100868,2023-01-21,CUST-0131,Retail,Cairo,Clothing,Online,8,756.61,6052.92,4017.33,0.104,Completed,EGP
ORD-100884,2024-01-19,CUST-0208,Retail,Cairo,Clothing,Store,8,1015.05,8120.42,4581.43,0.046,Completed,EGP
ORD-100289,2023-07-02,CUST-0079,Wholesale,Alexandria,Furniture,Store,48,1767.47,84838.64,63985.25,,Completed,EGP
ORD-100632,2024-09-06,CUST-0055,Retail,Aswan,Groceries,Online,7,122.75,859.26,647.81,0.066,Completed,EGP
ORD-101024,2024-06-26,CUST-0011,Wholesale,Cairo,Electronics,Store,28,2423.96,67870.99,48226.99,0.01,Completed,EGP
ORD-100330,2023-07-30,CUST-0198,Retail,Cairo,Electronics,Store,6,2043.73,12262.35,7378.95,0.234,Completed,EGP
ORD-101084,2024-03-05,CUST-0295,Retail,Mansoura,Electronics,Store,7,2740.99,19186.91,12499.88,0.104,Completed,EGP
ORD-100943,2024-05-24,CUST-0302,Retail,Cairo,Groceries,Store,1,75.53,75.53,43.41,0.128,Completed,EGP
ORD-100196,2024-03-27,CUST-0122,Retail,Mansoura,Electronics,Online,3,2487.21,7461.63,4266.6,0.09,Completed,EGP
ORD-100511,2023-10-05,CUST-0256,Retail,Mansoura,Clothing,Store,2,366.62,733.24,412.23,0.165,Completed,EGP
ORD-100813,2024-04-21,CUST-0260,Retail,Giza,Groceries,Online,1,128.72,128.72,79.15,0.241,Completed,EGP
ORD-100134,2024-05-31,CUST-0186,Retail,,Electronics,Online,7,2510.78,17575.46,10167.39,0.152,Completed,EGP
ORD-101131,2023-01-20,CUST-0071,Wholesale,Cairo,Furniture,Store,24,2123.31,50959.39,31502.4,0.232,Completed,EGP
ORD-100834,2024-03-29,CUST-0033,Wholesale,Cairo,Groceries,Online,10,99.21,992.09,625.9,0.145,Completed,EGP
ORD-100001,2023-07-16,CUST-0201,Retail,Giza,Clothing,Phone,4,462.06,1848.23,1422.62,,Cancelled,EGP
ORD-101160,2024-04-27,CUST-0187,Retail,Aswan,Clothing,Online,2,366.74,733.49,551.1,0.249,Completed,EGP
ORD-100702,2024-01-28,CUST-0203,Retail,Giza,Furniture,Store,7,2157.55,15102.87,11401.2,,Completed,EGP
ORD-100729,2024-02-01,CUST-0308,Retail,Aswan,Furniture,Store,3,1677.82,5033.47,3003.44,0.129,Completed,EGP
ORD-100866,2023-07-29,CUST-0054,Retail,Mansoura,Groceries,Online,3,147.13,441.38,253.47,0.079,Completed,EGP
ORD-100641,2023-11-30,CUST-0073,Retail,Giza,Furniture,Online,5,2321.83,11609.15,6847.1,0.18,Completed,EGP
ORD-100857,2024-01-13,CUST-0114,Retail,Cairo,Electronics,Online,1,2558.06,2558.06,1891.93,0.049,Completed,EGP
ORD-100668,2024-02-22,CUST-0292,Retail,Mansoura,Groceries,Phone,3,113.11,339.32,262.96,0.089,Completed,EGP
ORD-100682,2024-01-06,CUST-0158,Corporate,Cairo,Stationery,Store,6,95.63,573.76,327.0,,Completed,EGP
ORD-100749,2023-11-08,CUST-0009,Retail,Alexandria,Furniture,Store,5,3420.33,17101.67,11897.65,,Completed,EGP
ORD-100038,2023-12-07,CUST-0112,Corporate,Cairo,Electronics,Online,7,2291.02,16037.17,9221.41,0.19,Completed,EGP
ORD-100336,2023-05-13,CUST-0245,Corporate,Alexandria,Groceries,Store,6,149.58,897.49,757.21,0.142,Completed,EGP
ORD-100565,2023-11-16,CUST-0261,Corporate,Alexandria,Furniture,Store,112,1882.51,210841.12,147588.78,0.139,Completed,EGP
ORD-100711,2024-07-09,CUST-0252,Wholesale,Alexandria,Electronics,Online,35,2446.95,85643.39,55050.55,0.013,Completed,EGP
ORD-100224,2024-11-24,CUST-0048,Retail,Giza,Clothing,Online,6,705.07,4230.43,3067.58,0.13,Cancelled,EGP
ORD-100326,2024-05-10,CUST-0233,Retail,Mansoura,Stationery,Store,3,61.37,184.1,118.08,0.081,Completed,EGP
ORD-100530,2024-04-22,CUST-0054,Retail,Cairo,Groceries,Store,7,133.32,933.25,725.7,0.162,Completed,EGP
ORD-100997,2023-04-17,CUST-0290,Retail,Cairo,Furniture,Store,3,1655.05,4965.16,3809.61,0.212,Completed,EGP
ORD-100500,2023-06-18,CUST-0088,Retail,Mansoura,Clothing,Store,3,413.1,1239.31,856.12,,Completed,EGP
ORD-100894,2023-02-07,CUST-0273,Wholesale,Alexandria,Electronics,Online,28,2423.85,67867.9,43200.41,0.181,Completed,EGP
ORD-100350,2024-02-17,CUST-0085,Wholesale,Mansoura,Clothing,Online,3,564.18,1692.55,949.02,0.21,Completed,EGP
ORD-100824,2023-11-06,CUST-0267,Retail,Cairo,Electronics,Store,8,2319.81,18558.47,11186.85,0.22,Completed,EGP
ORD-100029,2023-10-14,CUST-0180,Wholesale,Cairo,Furniture,Online,42,2384.22,100137.32,80674.59,0.033,Completed,EGP
ORD-100414,2023-09-16,CUST-0170,Retail,Alexandria,Groceries,Phone,2,122.35,244.69,160.66,0.122,Completed,EGP
ORD-101067,2024-01-24,CUST-0267,Retail,Alexandria,Electronics,Store,5,2468.66,12343.28,7878.79,0.235,Completed,EGP
ORD-101155,2023-07-09,CUST-0165,Corporate,Giza,Furniture,Store,4,2274.26,9097.05,5241.59,,Completed,EGP
ORD-101113,2023-08-29,CUST-0319,Corporate,Aswan,Stationery,Online,2,48.67,97.33,68.14,0.029,Completed,EGP
ORD-100926,2023-05-23,CUST-0161,Retail,Giza,Furniture,Store,3,3943.08,11829.23,7432.84,,Completed,EGP
ORD-101189,2023-03-21,CUST-0054,Wholesale,Alexandria,Groceries,Store,32,135.18,4325.74,2709.93,0.022,Completed,EGP
ORD-100153,2023-09-22,CUST-0274,Retail,,Clothing,Store,7,472.4,3306.81,2487.44,0.11,Completed,EGP
ORD-100933,2024-05-06,CUST-0318,Retail,Alexandria,Furniture,Store,5,1058.94,5294.7,3321.9,0.036,Completed,EGP
ORD-100431,2024-03-20,CUST-0307,Wholesale,Alexandria,Electronics,Online,30,2089.01,62670.4,38459.18,0.239,Returned,EGP
ORD-100143,2023-01-25,CUST-0278,Retail,Aswan,Clothing,Store,6,378.23,2269.4,1655.74,0.154,Completed,EGP
ORD-100479,2024-01-28,CUST-0052,Corporate,Mansoura,Groceries,Store,3,130.88,392.65,323.31,0.086,Returned,EGP
ORD-100042,2024-10-10,CUST-0238,Retail,Cairo,Electronics,Phone,6,2815.26,16891.55,11815.68,0.002,Completed,EGP
ORD-100854,2024-05-06,CUST-0109,Retail,Cairo,Clothing,Store,6,366.73,2200.38,1349.01,0.017,Completed,EGP
ORD-101009,2024-12-24,CUST-0309,Wholesale,Cairo,Clothing,Store,24,951.26,22830.14,15223.46,0.186,Completed,EGP
ORD-100917,2024-02-15,CUST-0097,Wholesale,Alexandria,Groceries,Online,42,167.6,7039.31,5841.15,0.101,Completed,EGP
ORD-101164,2023-07-22,CUST-0049,Retail,Alexandria,Furniture,Online,2,1405.18,2810.36,2113.22,0.065,Completed,EGP
ORD-101098,2023-02-08,CUST-0026,Retail,Cairo,Clothing,Online,5,508.36,2541.79,2110.86,,Completed,EGP
ORD-100419,2024-07-17,CUST-0191,Retail,Alexandria,Electronics,Online,2,2607.07,5214.13,3436.74,0.033,Completed,EGP
ORD-100494,2023-06-09,CUST-0192,Retail,Alexandria,Clothing,Phone,4,770.37,3081.49,1972.93,0.149,Completed,EGP
ORD-100242,2023-09-19,CUST-0230,Retail,Cairo,Furniture,Online,1,2186.71,2186.71,1757.71,0.129,Completed,EGP
ORD-100151,2024-07-21,CUST-0086,Retail,Giza,Groceries,Store,8,99.04,792.32,651.66,0.068,Completed,EGP
ORD-100251,2024-01-06,CUST-0013,Wholesale,Giza,Clothing,Phone,20,491.82,9836.45,6981.47,0.091,Completed,EGP
ORD-100797,2024-08-31,CUST-0104,Wholesale,Mansoura,Clothing,Online,56,478.83,26814.46,18374.0,0.212,Completed,EGP
ORD-100905,2024-01-02,CUST-0083,Retail,Aswan,Electronics,Phone,1,2199.74,2199.74,1318.32,0.196,Completed,EGP
ORD-100379,2023-11-10,CUST-0216,Retail,Cairo,Groceries,Store,1,161.21,161.21,97.44,0.188,Completed,EGP
ORD-100624,2024-04-03,CUST-0308,Wholesale,Mansoura,Groceries,Online,30,78.91,2367.35,1955.83,0.046,Completed,EGP
ORD-100004,2023-05-26,CUST-0267,Wholesale,Mansoura,Clothing,Online,28,539.55,15107.41,9163.73,,Completed,EGP
ORD-100169,2024-02-27,CUST-0121,Retail,Cairo,Groceries,Store,6,136.21,817.26,679.15,0.242,Completed,EGP
ORD-100121,2024-01-27,CUST-0178,Retail,Alexandria,Groceries,Store,2,152.27,304.55,219.1,0.196,Completed,EGP
ORD-100140,2023-03-23,CUST-0047,Retail,Cairo,Clothing,Store,5,523.94,2619.68,1504.94,0.198,Completed,EGP
ORD-101099,2024-11-12,CUST-0130,Retail,Mansoura,Electronics,Online,4,3101.96,12407.83,8977.66,,Completed,EGP
ORD-100386,2023-06-07,CUST-0083,Retail,Cairo,Clothing,Online,7,697.45,4882.16,3006.62,0.203,Completed,EGP
ORD-100684,2024-12-17,CUST-0306,Retail,Cairo,Groceries,Online,1,197.63,197.63,129.06,0.017,Completed,EGP
ORD-100571,2024-03-09,CUST-0149,Retail,Giza,Clothing,Online,7,690.59,4834.15,3397.79,0.065,Completed,EGP
ORD-100777,2024-10-18,CUST-0280,Retail,Giza,Groceries,Phone,2,124.49,248.98,211.53,0.029,Completed,EGP
ORD-100262,2024-10-16,CUST-0041,Wholesale,Aswan,Groceries,Store,8,149.4,1195.23,688.38,0.085,Completed,EGP
ORD-100502,2024-12-25,CUST-0009,Corporate,Cairo,Electronics,Online,2,1920.27,3840.53,2412.91,0.155,Completed,EGP
ORD-100890,2023-04-03,CUST-0267,Wholesale,Mansoura,Stationery,Store,49,46.17,2262.42,1537.95,0.172,Completed,EGP
ORD-100984,2024-01-20,CUST-0153,Corporate,Cairo,Furniture,Online,5,1379.34,6896.7,3964.94,0.039,Completed,EGP
ORD-100303,2023-11-03,CUST-0135,Wholesale,Cairo,Electronics,Phone,24,2357.07,56569.58,40022.28,0.007,Completed,EGP
ORD-101048,2024-08-10,CUST-0299,Retail,Cairo,Groceries,Store,6,132.37,794.23,474.52,0.007,Completed,EGP
ORD-100486,2024-05-10,CUST-0239,Wholesale,Giza,Groceries,Online,48,144.21,6921.9,4564.19,0.056,Cancelled,EGP
ORD-100000,2024-12-10,CUST-0027,Wholesale,,Clothing,Store,6,763.48,4580.9,2973.81,0.16,Completed,EGP
ORD-101029,2023-11-15,CUST-0267,Retail,,Groceries,Store,3,214.54,643.61,380.29,0.168,Completed,EGP
ORD-101187,2024-01-22,CUST-0150,Retail,Mansoura,Stationery,Phone,3,56.82,170.47,128.53,0.14,Completed,EGP
ORD-100425,2024-05-14,CUST-0300,Wholesale,,Electronics,Store,40,2589.11,103564.46,73606.4,0.104,Completed,EGP
ORD-100406,2023-11-12,CUST-0090,Retail,Aswan,Groceries,Store,6,207.51,1245.08,977.0,0.152,Completed,EGP
ORD-100309,2023-09-26,CUST-0029,Retail,Aswan,Furniture,Online,1,1324.77,1324.77,787.69,0.249,Completed,EGP
ORD-100910,2024-06-25,CUST-0286,Wholesale,Giza,Clothing,Online,20,258.39,5167.82,3868.56,0.022,Completed,EGP
ORD-100842,2024-01-31,CUST-0281,Corporate,Mansoura,Stationery,Store,8,53.59,428.74,247.86,0.129,Cancelled,EGP
ORD-100455,2023-07-15,CUST-0293,Wholesale,Alexandria,Stationery,Online,40,53.97,2158.69,1489.12,,Completed,EGP
ORD-100259,2023-06-18,CUST-0239,Retail,Giza,Groceries,Store,3,147.95,443.84,370.88,0.023,Completed,EGP
ORD-100781,2023-09-11,CUST-0156,Retail,Cairo,Groceries,Store,1,73.16,73.16,61.02,0.241,Completed,EGP
ORD-100402,2023-03-24,CUST-0232,Retail,Alexandria,Clothing,Online,3,321.74,965.23,533.61,0.004,Completed,EGP
ORD-100426,2024-02-13,CUST-0126,Wholesale,Giza,Clothing,Store,36,721.03,25956.91,15355.56,0.234,Completed,EGP
ORD-101198,2023-08-13,CUST-0278,Retail,Alexandria,Furniture,Store,1,2468.89,2468.89,1778.14,0.03,Completed,EGP
ORD-100294,2024-07-08,CUST-0254,Corporate,Aswan,Furniture,Store,5,1158.29,5791.46,3399.36,0.058,Completed,EGP
ORD-100869,2023-12-19,CUST-0262,Wholesale,Alexandria,Groceries,Online,6,223.12,1338.74,1125.98,0.193,Completed,EGP
ORD-100323,2023-05-18,CUST-0026,Retail,Alexandria,Electronics,Store,3,1471.05,4413.15,2770.46,0.246,Completed,EGP
ORD-100410,2024-09-23,CUST-0288,Retail,Cairo,Furniture,Online,7,1646.72,11527.01,7019.31,0.146,Completed,EGP
ORD-100807,2024-12-16,CUST-0238,Corporate,Mansoura,Furniture,Online,2,5244.03,10488.07,7062.4,0.066,Completed,EGP
ORD-100528,2024-09-10,CUST-0280,Corporate,Aswan,Clothing,Store,3,315.42,946.27,718.42,0.042,Completed,EGP
ORD-100840,2023-04-08,CUST-0207,Wholesale,Aswan,Stationery,Online,36,68.34,2460.42,1542.32,0.21,Completed,EGP
ORD-100676,2023-09-25,CUST-0262,Retail,Cairo,Electronics,Online,3,2776.88,8330.63,6048.25,0.145,Completed,EGP
ORD-100420,2023-06-29,CUST-0308,Retail,Mansoura,Clothing,Online,1,300.97,300.97,189.0,0.142,Completed,EGP
ORD-100686,2024-05-22,CUST-0005,Corporate,Cairo,Clothing,Store,4,335.54,1342.15,849.11,0.233,Completed,EGP
ORD-100141,2023-09-29,CUST-0073,Retail,Giza,Furniture,Online,2,2397.68,4795.37,3770.38,0.216,Returned,EGP
ORD-100581,2024-02-03,CUST-0050,Retail,Alexandria,Electronics,Online,1,2426.25,2426.25,1958.93,0.01,Completed,EGP
ORD-101145,2024-04-04,CUST-0268,Corporate,Alexandria,Electronics,Online,2,2345.49,4690.98,3556.83,0.173,Completed,EGP
ORD-101141,2024-05-22,CUST-0300,Wholesale,Mansoura,Electronics,Online,8,2330.49,18643.95,10278.95,0.147,Completed,EGP
ORD-100003,2023-09-25,CUST-0305,Retail,Cairo,Electronics,Store,2,3796.02,7592.04,5514.46,0.028,Cancelled,EGP
ORD-100228,2023-03-14,CUST-0188,Retail,Mansoura,Stationery,Online,8,52.05,416.43,307.43,0.089,Completed,EGP
ORD-100051,2024-01-07,CUST-0232,Retail,Cairo,Groceries,Store,4,144.58,578.34,339.41,0.103,Returned,EGP
ORD-100093,2023-04-20,CUST-0081,Retail,Cairo,Clothing,Phone,8,420.57,3364.54,2806.46,0.011,Cancelled,EGP
ORD-100033,2023-03-06,CUST-0132,Corporate,Mansoura,Stationery,Store,8,92.46,739.69,612.51,0.026,Completed,EGP
ORD-101054,2024-07-27,CUST-0271,Retail,Giza,Furniture,Phone,7,1200.73,8405.08,7001.08,0.036,Completed,EGP
ORD-100635,2024-08-27,CUST-0046,Retail,Aswan,Groceries,Online,1,96.73,96.73,75.22,0.159,Completed,EGP
ORD-100919,2024-02-15,CUST-0005,Retail,Cairo,Groceries,Store,6,148.75,892.52,523.62,0.119,Completed,EGP
ORD-100538,2024-09-07,CUST-0137,Corporate,Cairo,Electronics,Store,3,2844.73,8534.2,5489.57,0.034,Completed,EGP
ORD-100286,2024-07-15,CUST-0303,Corporate,Cairo,Clothing,Phone,6,373.99,2243.92,1411.25,0.148,Returned,EGP
ORD-100980,2024-09-23,CUST-0098,Retail,Alexandria,Stationery,Online,3,42.97,128.9,93.55,0.046,Completed,EGP
ORD-100222,2023-07-04,CUST-0180,Retail,Giza,Electronics,Online,4,1962.61,7850.43,4510.51,0.075,Completed,EGP
ORD-101117,2024-03-25,CUST-0037,Retail,Mansoura,Groceries,Online,2,95.0,190.01,151.36,0.239,Completed,EGP
ORD-100599,2023-07-08,CUST-0075,Corporate,Cairo,Clothing,Phone,4,499.35,1997.39,1586.15,0.185,Completed,EGP
ORD-100576,2023-07-03,CUST-0191,Retail,,Electronics,Store,4,3236.04,12944.16,10308.27,0.042,Completed,EGP
ORD-100952,2023-03-22,CUST-0264,Retail,Cairo,Electronics,Store,1,2642.77,2642.77,,0.093,Completed,EGP
ORD-100166,2023-01-28,CUST-0236,Retail,Giza,Stationery,Store,6,39.01,234.08,191.37,0.191,Completed,EGP
ORD-100885,2023-03-26,CUST-0279,Retail,Giza,Groceries,Store,2,120.59,241.17,159.7,0.043,Completed,EGP
ORD-100272,2023-04-28,CUST-0139,Corporate,Mansoura,Groceries,Store,2,131.52,263.04,167.59,0.02,Completed,EGP
ORD-101090,2024-09-18,CUST-0256,Wholesale,Alexandria,Electronics,Online,40,2315.36,92614.31,66870.82,0.173,Cancelled,EGP
ORD-100451,2024-11-08,CUST-0228,Retail,Giza,Furniture,Store,4,1826.47,7305.89,4907.03,0.046,Completed,EGP
ORD-101095,2023-05-25,CUST-0100,Retail,Mansoura,Stationery,Store,7,66.75,467.25,329.37,0.16,Completed,EGP
ORD-100020,2023-01-14,CUST-0154,Retail,Aswan,Groceries,Store,6,130.66,783.93,461.41,0.206,Completed,EGP
ORD-100422,2023-11-11,CUST-0236,Wholesale,Alexandria,Groceries,Store,8,135.4,1083.19,652.16,0.052,Completed,EGP
ORD-100005,2023-01-15,CUST-0156,Retail,Cairo,Clothing,Store,8,298.54,2388.34,1470.02,,Completed,EGP
ORD-100568,2023-11-04,CUST-0193,Retail,Aswan,Groceries,Online,4,162.97,651.9,418.78,0.106,Completed,EGP
ORD-100688,2023-08-30,CUST-0136,Retail,Giza,Furniture,Online,1,2120.51,2120.51,1478.96,0.091,Completed,EGP
ORD-100744,2024-07-27,CUST-0146,Retail,Alexandria,Stationery,Store,6,57.33,343.95,281.61,,Completed,EGP
ORD-100656,2023-07-24,CUST-0206,Corporate,Aswan,Clothing,Store,1,752.76,752.76,573.37,0.06,Completed,EGP
ORD-100619,2024-02-20,CUST-0275,Retail,Mansoura,Groceries,Store,5,104.96,524.8,424.62,0.023,Completed,EGP
ORD-101143,2023-07-11,CUST-0042,Wholesale,Cairo,Stationery,Store,6,50.23,301.39,226.81,0.077,Completed,EGP
ORD-100304,2023-11-16,CUST-0307,Wholesale,Alexandria,Groceries,Store,36,190.76,6867.51,4597.11,,Completed,EGP
ORD-101052,2023-02-10,CUST-0160,Retail,Alexandria,Electronics,Online,6,2116.2,12697.22,8401.9,0.215,Completed,EGP
ORD-100418,2023-08-19,CUST-0181,Retail,Giza,Groceries,Store,3,131.9,395.7,262.64,0.202,Completed,EGP
ORD-100460,2023-11-03,CUST-0170,Retail,Mansoura,Furniture,Online,6,2372.15,14232.91,8240.3,0.108,Cancelled,EGP
ORD-100558,2024-09-08,CUST-0146,Corporate,Aswan,Clothing,Store,6,700.65,4203.89,3041.46,0.083,Completed,EGP
ORD-100772,2023-11-12,CUST-0131,Retail,Giza,Stationery,Store,8,74.81,598.52,486.06,0.042,Completed,EGP
ORD-100227,2023-05-31,CUST-0128,Retail,Aswan,Furniture,Phone,3,2422.99,7268.98,4424.38,0.177,Completed,EGP
ORD-100563,2024-06-19,CUST-0041,Wholesale,Cairo,Electronics,Online,28,3334.42,93363.83,65927.4,0.093,Completed,EGP
ORD-100756,2023-02-13,CUST-0006,Corporate,Giza,Stationery,Online,2,73.43,146.86,104.51,0.194,Completed,EGP
ORD-100618,2023-10-28,CUST-0315,Retail,Giza,Clothing,Store,5,668.8,3344.02,2143.3,0.005,Completed,EGP
ORD-100785,2023-05-18,CUST-0249,Wholesale,Giza,Furniture,Store,16,1684.3,26948.87,19712.83,0.01,Completed,EGP
ORD-101042,2023-08-06,CUST-0223,Retail,Mansoura,Clothing,Online,3,478.85,1436.54,966.01,0.095,Cancelled,EGP
ORD-101179,2023-04-23,CUST-0049,Retail,Cairo,Clothing,Store,6,655.09,3930.56,3051.53,0.184,Completed,EGP
ORD-100100,2023-07-10,CUST-0248,Retail,Cairo,Stationery,Phone,1,47.69,47.69,38.97,0.167,Completed,EGP
ORD-100761,2024-12-16,CUST-0270,Corporate,Alexandria,Furniture,Online,1,4035.41,4035.41,2357.88,0.036,Completed,EGP
ORD-100751,2024-02-16,CUST-0292,Corporate,Giza,Stationery,Store,5,65.26,326.28,234.25,0.161,Completed,EGP
ORD-100623,2024-06-07,CUST-0046,Wholesale,Alexandria,Electronics,Online,32,2045.13,65444.09,42741.64,0.024,Completed,EGP
ORD-100754,2023-10-23,CUST-0022,Wholesale,Mansoura,Electronics,Store,16,1577.58,25241.23,17471.95,0.248,Completed,EGP
ORD-100026,2024-11-25,CUST-0035,Wholesale,Alexandria,Clothing,Store,18,322.87,5811.71,4019.66,0.055,Completed,EGP
ORD-100360,2024-04-30,CUST-0252,Retail,Giza,Furniture,Online,7,1466.97,10268.76,5895.32,0.106,Completed,EGP
ORD-100015,2023-07-06,CUST-0213,Retail,Aswan,Electronics,Online,7,3398.64,23790.46,14918.87,,Completed,EGP
ORD-101197,2023-03-02,CUST-0081,Wholesale,Cairo,Clothing,Store,40,266.36,10654.34,7926.41,0.031,Completed,EGP
ORD-100506,2024-07-12,CUST-0023,Wholesale,Giza,Groceries,Online,25,206.87,5171.79,4029.18,0.099,Completed,EGP
ORD-100692,2024-08-06,CUST-0273,Retail,Aswan,Electronics,Store,6,3334.04,20004.27,14241.49,0.225,Completed,EGP
ORD-100076,2023-03-12,CUST-0025,Corporate,Alexandria,Electronics,Store,1,3210.1,3210.1,2425.18,0.237,Completed,EGP
ORD-101193,2023-07-17,CUST-0235,Retail,Alexandria,Groceries,Store,4,111.59,446.36,317.84,0.144,Completed,EGP
ORD-100490,2023-01-19,CUST-0248,Retail,Aswan,Clothing,Store,2,441.27,882.54,616.84,0.105,Completed,EGP
ORD-100343,2024-11-25,CUST-0248,Retail,Giza,Groceries,Online,7,113.14,792.01,613.88,0.089,Completed,EGP
ORD-100136,2023-11-23,CUST-0103,Retail,Cairo,Clothing,Store,5,909.39,4546.97,2667.87,0.049,Cancelled,EGP
ORD-101166,2023-07-30,CUST-0259,Retail,Cairo,Clothing,Online,4,297.15,1188.6,993.57,0.007,Completed,EGP
ORD-101017,2023-09-19,CUST-0129,Wholesale,Aswan,Groceries,Store,48,234.47,11254.44,6305.93,0.136,Completed,EGP
ORD-100700,2023-07-25,CUST-0003,Corporate,Giza,Clothing,Phone,6,270.29,1621.75,997.82,0.024,Cancelled,EGP
ORD-100269,2024-02-20,CUST-0198,Retail,Aswan,Electronics,Store,1,4980.65,4980.65,3004.02,0.023,Completed,EGP
ORD-101049,2024-08-24,CUST-0238,Retail,Cairo,Groceries,Store,7,160.21,1121.49,708.57,0.083,Completed,EGP
ORD-100328,2023-02-14,CUST-0208,Corporate,Alexandria,Groceries,Online,6,96.49,578.92,472.77,0.212,Completed,EGP
ORD-100960,2024-04-25,CUST-0244,Retail,Cairo,Groceries,Store,5,145.51,727.57,402.85,0.164,Completed,EGP
ORD-100443,2023-06-07,CUST-0218,Retail,Alexandria,Groceries,Store,5,113.3,566.48,317.96,,Completed,EGP
ORD-100241,2024-05-04,CUST-0018,Retail,,Electronics,Store,4,1917.08,7668.32,4439.54,0.088,Completed,EGP
ORD-100369,2024-06-13,CUST-0083,Wholesale,Alexandria,Furniture,Online,9,2639.71,23757.36,19442.45,0.031,Completed,EGP
ORD-100800,2024-07-21,CUST-0051,Corporate,Giza,Clothing,Store,99,548.94,54345.06,38041.54,0.151,Completed,EGP
ORD-100778,2023-03-31,CUST-0121,Retail,Giza,Electronics,Store,1,2198.57,2198.57,1392.51,0.238,Completed,EGP
ORD-100131,2023-01-09,CUST-0269,Retail,Mansoura,Groceries,Store,6,78.41,470.45,281.31,0.037,Completed,EGP
ORD-100170,2023-01-03,CUST-0127,Wholesale,Giza,Furniture,Phone,6,1693.69,10162.12,6190.67,0.021,Completed,EGP
ORD-100876,2024-04-20,CUST-0276,Retail,Cairo,Electronics,Store,2,1883.94,3767.88,2819.93,0.225,Completed,EGP
ORD-100247,2023-05-11,CUST-0270,Wholesale,Giza,Furniture,Phone,30,1540.07,46202.23,33659.37,0.249,Completed,EGP
ORD-100625,2023-02-11,CUST-0261,Wholesale,Cairo,Electronics,Online,24,1552.75,37265.99,26455.07,0.011,Completed,EGP
ORD-100863,2024-03-10,CUST-0030,Retail,Mansoura,Furniture,Online,6,1648.81,9892.88,6761.95,0.216,Returned,EGP
ORD-100631,2024-03-24,CUST-0287,Corporate,Aswan,Electronics,Online,4,2125.33,8501.31,5266.96,0.108,Completed,EGP
ORD-101004,2024-08-12,CUST-0313,Retail,Cairo,Clothing,Phone,4,662.68,2650.73,1843.67,,Completed,EGP
ORD-100252,2023-06-25,CUST-0018,Retail,Cairo,Stationery,Online,6,64.91,389.44,296.02,0.154,Completed,EGP
ORD-100467,2024-05-20,CUST-0190,Retail,Alexandria,Clothing,Online,4,265.04,1060.16,631.94,0.066,Completed,EGP
ORD-100886,2023-12-28,CUST-0211,Corporate,Cairo,Clothing,Store,3,450.84,1352.52,,0.175,Completed,EGP
ORD-100810,2024-06-15,CUST-0222,Retail,Mansoura,Electronics,Store,4,2608.79,10435.17,6016.05,0.091,Completed,EGP
ORD-100652,2024-07-17,CUST-0165,Corporate,Aswan,Clothing,Store,3,387.45,1162.36,962.39,0.122,Completed,EGP
ORD-100348,2023-06-09,CUST-0207,Retail,Cairo,Electronics,Online,2,2657.75,5315.51,3694.58,0.079,Completed,EGP
ORD-100670,2024-11-26,CUST-0172,Retail,Giza,Groceries,Online,1,181.98,181.98,105.31,0.181,Completed,EGP
ORD-100715,2023-01-24,CUST-0029,Retail,Giza,Furniture,Store,1,1693.44,1693.44,,0.124,Completed,EGP
ORD-100057,2024-06-18,CUST-0062,Wholesale,Cairo,Stationery,Online,49,95.08,4658.68,3674.77,,Completed,EGP
ORD-100031,2024-07-26,CUST-0209,Wholesale,Cairo,Furniture,Online,5,1550.8,7753.98,4471.6,0.233,Completed,EGP
ORD-100246,2024-02-24,CUST-0075,Retail,Giza,Stationery,Phone,1,52.45,52.45,34.28,0.191,Completed,EGP
ORD-100881,2024-02-28,CUST-0116,Retail,Alexandria,Electronics,Store,5,1983.85,9919.24,7583.28,0.142,Completed,EGP
ORD-100942,2023-04-27,CUST-0021,Retail,Giza,Clothing,Phone,1,254.46,254.46,140.73,0.013,Completed,EGP
ORD-100264,2024-05-08,CUST-0187,Wholesale,Giza,Stationery,Online,8,55.11,440.88,337.06,0.147,Completed,EGP
ORD-100566,2024-06-24,CUST-0159,Retail,Giza,Furniture,Online,1,2926.01,2926.01,2423.62,0.16,Completed,EGP
ORD-100183,2023-11-17,CUST-0059,Retail,Giza,Furniture,Online,3,2282.81,6848.43,4204.79,0.039,Completed,EGP
ORD-100901,2024-05-29,CUST-0001,Wholesale,Alexandria,Clothing,Store,24,257.78,6186.72,5160.62,0.003,Cancelled,EGP
ORD-100339,2024-05-25,CUST-0219,Retail,Giza,Groceries,Store,3,103.09,309.26,231.57,0.013,Completed,EGP
ORD-100188,2024-03-31,CUST-0257,Wholesale,Cairo,Stationery,Phone,40,57.08,2283.28,1433.44,0.088,Completed,EGP
ORD-101135,2024-06-29,CUST-0288,Wholesale,Giza,Stationery,Online,20,44.09,881.72,642.89,0.014,Completed,EGP
ORD-100556,2023-10-06,CUST-0234,Corporate,Cairo,Groceries,Online,4,111.33,445.31,303.16,0.174,Cancelled,EGP
ORD-100503,2023-04-26,CUST-0004,Retail,Cairo,Groceries,Phone,8,194.52,1556.13,1182.26,0.25,Completed,EGP
ORD-101173,2024-12-18,CUST-0303,Corporate,Giza,Furniture,Online,3,1789.98,5369.94,3326.8,0.185,Completed,EGP
ORD-100630,2024-02-01,CUST-0123,Retail,Cairo,Groceries,Store,6,79.52,477.12,306.71,0.209,Returned,EGP
ORD-100512,2023-08-03,CUST-0286,Corporate,Giza,Groceries,Phone,6,96.33,577.99,360.67,0.036,Completed,EGP
ORD-101157,2023-10-25,CUST-0079,Wholesale,Mansoura,Groceries,Store,6,168.62,1011.69,691.63,0.193,Completed,EGP
ORD-100948,2023-10-01,CUST-0020,Retail,Alexandria,Groceries,Store,5,92.59,462.95,260.76,0.084,Completed,EGP
ORD-100887,2024-02-20,CUST-0287,Wholesale,Cairo,Electronics,Store,21,2437.4,51185.43,38066.99,0.141,Completed,EGP
ORD-101188,2024-04-21,CUST-0155,Retail,Cairo,Clothing,Online,2,487.35,974.69,573.78,0.024,Completed,EGP
ORD-100009,2023-09-01,CUST-0014,Retail,Giza,Groceries,Store,6,61.0,365.99,275.23,0.02,Completed,EGP
ORD-100823,2023-07-21,CUST-0005,Retail,Mansoura,Clothing,Online,4,288.97,1155.87,687.7,0.046,Completed,EGP
ORD-100168,2023-11-23,CUST-0065,Retail,Cairo,Groceries,Store,8,119.35,954.83,547.61,0.071,Completed,EGP
ORD-100526,2023-01-17,CUST-0063,Retail,Cairo,Electronics,Online,3,1981.91,5945.72,3813.93,0.189,Completed,EGP
ORD-101080,2023-09-16,CUST-0275,Retail,Cairo,Groceries,Store,7,148.05,1036.36,746.29,0.125,Completed,EGP
ORD-100476,2024-07-07,CUST-0247,Wholesale,Cairo,Groceries,Online,5,80.13,400.67,317.72,0.104,Completed,EGP
ORD-100215,2023-05-29,CUST-0222,Retail,Cairo,Electronics,Online,4,2779.72,11118.88,8790.65,0.184,Returned,EGP
ORD-101114,2024-06-29,CUST-0140,Retail,Cairo,Groceries,Online,7,81.08,567.57,475.27,0.03,Completed,EGP
ORD-101118,2023-07-09,CUST-0137,Retail,Mansoura,Groceries,Store,4,80.79,323.17,272.43,0.011,Completed,EGP
ORD-100597,2023-06-28,CUST-0121,Corporate,Mansoura,Clothing,Store,4,417.94,1671.77,1287.94,0.01,Completed,EGP
ORD-100147,2024-01-23,CUST-0230,Corporate,Alexandria,Furniture,Store,81,1650.4,133682.4,,0.132,Cancelled,EGP
ORD-100621,2024-07-04,CUST-0294,Retail,Cairo,Furniture,Online,1,1739.55,1739.55,1019.22,0.069,Completed,EGP
ORD-100607,2023-06-21,CUST-0190,Retail,Alexandria,Groceries,Online,7,193.72,1356.01,998.35,0.107,Completed,EGP
ORD-100891,2023-08-13,CUST-0250,Corporate,Mansoura,Clothing,Store,6,424.43,2546.61,1581.77,0.039,Completed,EGP
ORD-101033,2024-01-19,CUST-0123,Wholesale,Giza,Groceries,Store,24,106.69,2560.49,1410.46,0.238,Completed,EGP
ORD-100325,2024-01-03,CUST-0291,Retail,Cairo,Electronics,Phone,7,2022.06,14154.42,9226.92,0.121,Completed,EGP
ORD-100046,2023-11-08,CUST-0171,Wholesale,Cairo,Electronics,Phone,48,4693.75,225299.83,139689.97,0.194,Completed,EGP
ORD-100356,2023-02-20,CUST-0200,Retail,Mansoura,Furniture,Online,3,2579.3,7737.89,4706.17,0.126,Completed,EGP
ORD-100066,2024-01-26,CUST-0018,Retail,Giza,Groceries,Online,6,90.14,540.83,413.79,0.008,Returned,EGP
ORD-101058,2024-10-09,CUST-0171,Wholesale,Mansoura,Groceries,Online,5,93.95,469.75,278.69,0.112,Completed,EGP
ORD-100297,2024-02-21,CUST-0018,Wholesale,Giza,Clothing,Online,40,393.09,15723.64,11638.93,0.048,Completed,EGP
ORD-101178,2023-03-22,CUST-0202,Retail,Cairo,Furniture,Online,6,1849.64,11097.83,,0.129,Completed,EGP
ORD-100049,2023-05-15,CUST-0059,Retail,Alexandria,Electronics,Store,6,2524.55,15147.31,12156.07,0.231,Completed,EGP
ORD-100523,2023-12-30,CUST-0302,Retail,Cairo,Electronics,Store,8,3422.93,27383.44,17204.38,0.12,Cancelled,EGP
ORD-100080,2023-08-31,CUST-0178,Retail,Giza,Electronics,Online,6,2654.33,15925.98,12321.94,0.099,Cancelled,EGP
ORD-100609,2023-09-29,CUST-0217,Retail,Alexandria,Stationery,Store,2,78.61,157.21,92.48,0.067,Completed,EGP
ORD-100755,2023-07-10,CUST-0108,Wholesale,Cairo,Clothing,Store,6,405.41,2432.45,1409.71,,Cancelled,EGP
ORD-100505,2024-04-26,CUST-0315,Wholesale,Cairo,Groceries,Online,4,68.73,274.91,186.26,0.087,Cancelled,EGP
ORD-100152,2023-07-27,CUST-0167,Retail,Cairo,Groceries,Online,4,104.58,418.33,353.7,0.09,Completed,EGP
ORD-100900,2023-04-09,CUST-0111,Corporate,Mansoura,Stationery,Phone,4,67.98,271.91,187.78,0.081,Completed,EGP
ORD-100987,2024-07-27,CUST-0053,Wholesale,Alexandria,Groceries,Online,21,121.27,2546.65,1405.61,0.023,Completed,EGP
ORD-101043,2023-02-27,CUST-0041,Retail,Giza,Electronics,Store,4,2505.7,10022.79,5584.32,,Completed,EGP
ORD-101041,2024-01-19,CUST-0097,Corporate,Aswan,Clothing,Online,7,430.01,3010.08,2431.67,,Completed,EGP
ORD-100065,2024-01-04,CUST-0262,Retail,Cairo,Electronics,Store,5,2361.15,11805.73,6527.58,0.149,Cancelled,EGP
ORD-100209,2024-06-26,CUST-0134,Retail,Cairo,Stationery,Phone,4,77.03,308.12,204.42,0.163,Completed,EGP
ORD-100125,2024-01-09,CUST-0019,Retail,Cairo,Groceries,Phone,1,90.33,90.33,65.3,0.01,Completed,EGP
ORD-100757,2023-01-15,CUST-0008,Retail,Mansoura,Groceries,Phone,3,127.96,383.88,224.43,0.064,Completed,EGP
ORD-100767,2024-04-20,CUST-0164,Retail,Cairo,Electronics,Store,7,3632.28,25425.93,18608.47,0.202,Completed,EGP
ORD-100780,2024-07-16,CUST-0295,Retail,Giza,Groceries,Phone,6,220.0,1319.99,1112.92,0.205,Completed,EGP
ORD-100922,2023-11-15,CUST-0062,Retail,Alexandria,Electronics,Phone,4,4395.05,17580.19,14892.97,0.119,Completed,EGP
ORD-100827,2024-09-12,CUST-0037,Corporate,Cairo,Electronics,Store,3,2201.99,6605.96,4103.97,0.165,Completed,EGP
ORD-100653,2023-07-23,CUST-0216,Wholesale,Cairo,Stationery,Online,3,42.09,126.27,83.83,0.061,Returned,EGP
ORD-100638,2024-07-16,CUST-0017,Wholesale,Alexandria,Groceries,Store,28,262.39,7346.95,6040.25,0.085,Completed,EGP
ORD-100182,2024-01-11,CUST-0128,Retail,Aswan,Electronics,Online,4,2807.47,11229.89,9385.17,0.192,Completed,EGP
ORD-100450,2023-04-04,CUST-0111,Retail,Cairo,Groceries,Store,3,138.99,416.96,330.52,0.047,Completed,EGP
ORD-100184,2024-12-27,CUST-0021,Retail,Cairo,Electronics,Phone,6,2699.83,16198.97,10706.33,0.245,Completed,EGP
ORD-100852,2023-08-15,CUST-0264,Retail,Alexandria,Clothing,Store,4,309.35,1237.39,1044.55,0.145,Completed,EGP
ORD-100594,2023-12-21,CUST-0143,Wholesale,Cairo,Groceries,Store,30,245.13,7353.76,4185.29,0.14,Completed,EGP
ORD-100703,2024-04-10,CUST-0080,Retail,Cairo,Electronics,Store,3,1207.14,3621.41,2468.01,0.209,Completed,EGP
ORD-100067,2023-09-25,CUST-0179,Retail,Alexandria,Electronics,Store,8,3953.65,31629.2,21244.81,,Completed,EGP
ORD-100377,2024-03-05,CUST-0313,Retail,Alexandria,Stationery,Phone,4,51.64,206.57,113.88,0.235,Completed,EGP
ORD-100415,2023-11-27,CUST-0309,Retail,Alexandria,Furniture,Online,4,3360.17,13440.69,8291.29,0.176,Completed,EGP
ORD-101070,2023-09-09,CUST-0074,Retail,Cairo,Clothing,Online,5,337.72,1688.6,1040.21,0.242,Completed,EGP
ORD-100180,2023-11-19,CUST-0191,Wholesale,Giza,Clothing,Online,4,491.99,1967.97,1200.16,0.116,Completed,EGP
ORD-100544,2023-06-25,CUST-0259,Retail,Alexandria,Electronics,Store,1,4052.78,4052.78,3383.99,0.193,Completed,EGP
ORD-101176,2023-06-01,CUST-0118,Wholesale,Giza,Furniture,Online,49,1222.24,59889.79,41516.47,0.147,Completed,EGP
ORD-100044,2023-09-03,CUST-0216,Retail,Cairo,Groceries,Store,6,117.58,705.46,481.0,0.213,Completed,EGP
ORD-100273,2024-06-28,CUST-0315,Retail,,Groceries,Store,5,136.24,681.2,423.84,0.201,Completed,EGP
ORD-100291,2023-05-06,CUST-0114,Retail,Cairo,Groceries,Store,4,78.31,313.26,195.14,0.062,Completed,EGP
ORD-101148,2024-12-18,CUST-0201,Retail,Cairo,Electronics,Store,6,3702.13,22212.75,12411.9,0.041,Completed,EGP
ORD-100465,2024-09-18,CUST-0125,Retail,Cairo,Groceries,Online,7,78.13,546.94,392.02,0.086,Completed,EGP
ORD-100959,2024-12-15,CUST-0274,Retail,Mansoura,Clothing,Store,7,654.55,4581.88,3206.96,0.067,Completed,EGP
ORD-100817,2024-02-12,CUST-0282,Retail,Alexandria,Furniture,Store,4,1482.11,5928.45,4723.19,0.117,Completed,EGP
ORD-100306,2023-12-28,CUST-0186,Retail,Aswan,Clothing,Online,1,612.36,612.36,404.39,0.172,Completed,EGP
ORD-100292,2024-10-25,CUST-0151,Corporate,Giza,Clothing,Store,3,582.4,1747.2,976.1,0.182,Completed,EGP
ORD-100395,2024-12-21,CUST-0110,Wholesale,Mansoura,Electronics,Store,12,2878.55,34542.64,,0.009,Completed,EGP
ORD-100024,2024-05-21,CUST-0010,Corporate,Aswan,Electronics,Store,8,2098.84,16790.74,9413.48,0.112,Completed,EGP
ORD-101150,2023-12-06,CUST-0203,Retail,Giza,Furniture,Store,5,2888.02,14440.12,9522.58,0.153,Cancelled,EGP
ORD-100088,2024-02-21,CUST-0267,Retail,Aswan,Electronics,Phone,8,4434.32,35474.57,21305.88,0.022,Completed,EGP
ORD-100112,2024-10-28,CUST-0273,Wholesale,Giza,Stationery,Store,40,41.92,1677.0,946.01,0.089,Completed,EGP
ORD-100063,2023-07-02,CUST-0219,Retail,Mansoura,Electronics,Store,5,2158.15,10790.73,6953.94,0.174,Completed,EGP
ORD-100524,2023-10-29,CUST-0056,Retail,Alexandria,Electronics,Store,1,2008.06,2008.06,1423.11,0.147,Completed,EGP
ORD-100706,2023-09-24,CUST-0182,Retail,Aswan,Groceries,Store,1,85.14,85.14,68.97,0.01,Completed,EGP
ORD-100173,2023-03-08,CUST-0119,Retail,Cairo,Clothing,Online,8,368.4,2947.21,2447.33,0.17,Completed,EGP
ORD-100726,2024-01-09,CUST-0259,Corporate,Alexandria,Furniture,Store,1,1517.1,1517.1,860.37,0.134,Completed,EGP
ORD-100270,2023-10-06,CUST-0227,Retail,Cairo,Groceries,Store,5,234.07,1170.33,872.05,,Completed,EGP
ORD-100583,2023-12-09,CUST-0210,Corporate,Mansoura,Electronics,Store,4,4859.89,19439.54,15845.71,0.02,Completed,EGP
ORD-100977,2024-09-20,CUST-0247,Retail,Cairo,Furniture,Online,4,2527.7,10110.81,7056.08,0.196,Completed,EGP
ORD-100704,2023-05-30,CUST-0058,Retail,Cairo,Electronics,Store,1,2438.51,2438.51,1835.83,0.196,Completed,EGP
ORD-100904,2023-06-05,CUST-0103,Retail,Aswan,Clothing,Online,3,424.01,1272.03,718.13,0.168,Cancelled,EGP
ORD-100975,2023-04-12,CUST-0019,Retail,Giza,Stationery,Store,4,45.43,181.71,110.83,0.027,Completed,EGP
ORD-101156,2024-02-24,CUST-0115,Wholesale,Aswan,Groceries,Online,32,148.13,4740.23,2944.69,0.164,Completed,EGP
ORD-100126,2023-08-28,CUST-0186,Retail,Cairo,Clothing,Store,4,361.51,1446.03,841.61,0.106,Completed,EGP
ORD-100981,2024-01-25,CUST-0310,Retail,Cairo,Furniture,Store,8,2280.83,18246.62,12372.19,0.021,Completed,EGP
ORD-100590,2023-04-13,CUST-0152,Corporate,Alexandria,Clothing,Store,8,442.79,3542.29,2387.34,0.199,Completed,EGP
ORD-100393,2024-01-17,CUST-0316,Retail,Aswan,Groceries,Store,5,101.0,505.02,377.09,0.214,Completed,EGP
ORD-100930,2023-03-09,CUST-0052,Retail,Mansoura,Electronics,Online,3,2065.59,6196.76,4001.86,0.046,Returned,EGP
ORD-101184,2023-01-03,CUST-0092,Retail,Giza,Groceries,Online,4,148.79,595.17,478.15,0.044,Returned,EGP
ORD-100616,2023-06-12,CUST-0026,Retail,Giza,Furniture,Store,4,2445.64,9782.57,5422.82,0.225,Completed,EGP
ORD-101100,2023-07-29,CUST-0161,Retail,Giza,Groceries,Online,5,114.09,570.46,474.38,0.036,Cancelled,EGP
ORD-100509,2024-12-13,CUST-0024,Wholesale,Giza,Clothing,Store,28,505.37,14150.44,9097.39,0.235,Completed,EGP
ORD-101108,2023-07-08,CUST-0286,Retail,Giza,Electronics,Online,2,2233.36,4466.72,3322.67,0.233,Completed,EGP
ORD-100351,2023-06-27,CUST-0134,Wholesale,Cairo,Clothing,Online,24,402.04,9648.92,7294.06,,Completed,EGP
ORD-100602,2024-01-31,CUST-0163,Corporate,Cairo,Clothing,Store,7,437.8,3064.61,2124.78,0.025,Completed,EGP
ORD-100691,2024-03-13,CUST-0314,Corporate,Giza,Electronics,Store,6,2316.38,13898.26,11214.14,0.045,Completed,EGP
ORD-100798,2024-11-19,CUST-0297,Retail,Cairo,Groceries,Online,2,284.71,569.41,400.08,0.13,Completed,EGP
ORD-100883,2024-08-09,CUST-0220,Retail,Aswan,Electronics,Store,1,3495.8,3495.8,2274.59,0.245,Completed,EGP
ORD-100644,2023-10-19,CUST-0192,Retail,Giza,Electronics,Online,7,2482.18,17375.25,12647.09,0.214,Completed,EGP
ORD-100626,2024-02-09,CUST-0242,Retail,Aswan,Electronics,Phone,4,2694.9,10779.62,7769.77,0.056,Completed,EGP
ORD-100047,2024-09-27,CUST-0154,Wholesale,Cairo,Electronics,Store,56,2559.98,143359.11,113900.9,0.235,Completed,EGP
ORD-101127,2023-01-09,CUST-0117,Retail,Mansoura,Electronics,Online,5,2374.98,11874.9,9084.85,0.057,Completed,EGP
ORD-100849,2023-07-17,CUST-0038,Retail,Cairo,Groceries,Phone,2,80.1,160.19,133.66,0.188,Completed,EGP
ORD-100045,2024-08-22,CUST-0105,Wholesale,Cairo,Clothing,Online,40,466.6,18664.1,11071.72,,Completed,EGP
ORD-100971,2024-11-29,CUST-0256,Retail,Cairo,Electronics,Online,5,3316.92,16584.6,9844.69,0.021,Completed,EGP
ORD-100679,2024-06-03,CUST-0292,Retail,Alexandria,Groceries,Store,1,144.21,144.21,104.35,0.239,Cancelled,EGP
ORD-100553,2024-08-12,CUST-0216,Retail,,Stationery,Store,3,73.77,221.32,132.16,0.245,Completed,EGP
ORD-100117,2023-11-16,CUST-0194,Corporate,Giza,Electronics,Online,4,4292.71,17170.84,,0.116,Completed,EGP
ORD-100591,2023-10-03,CUST-0125,Retail,Cairo,Furniture,Store,7,3182.28,22275.97,16192.7,0.152,Completed,EGP
ORD-100864,2023-06-05,CUST-0220,Wholesale,Cairo,Clothing,Store,30,546.89,16406.75,10187.91,,Completed,EGP
ORD-100364,2024-02-28,CUST-0195,Retail,Cairo,Furniture,Store,1,1640.81,1640.81,1145.56,0.169,Cancelled,EGP
ORD-101154,2024-06-12,CUST-0221,Retail,Cairo,Groceries,Online,6,157.89,947.33,771.23,0.16,Completed,EGP
ORD-100955,2023-08-03,CUST-0241,Retail,Mansoura,Electronics,Online,6,1612.54,9675.22,6054.09,0.048,Completed,EGP
ORD-100774,2023-01-15,CUST-0138,Retail,Cairo,Groceries,Online,8,82.81,662.48,541.66,0.116,Completed,EGP
ORD-100234,2024-04-18,CUST-0218,Wholesale,Giza,Furniture,Store,30,2417.99,72539.67,50803.86,0.051,Completed,EGP
ORD-101116,2023-06-16,CUST-0023,Retail,Alexandria,Clothing,Online,4,418.75,1675.02,1035.83,0.179,Completed,EGP
ORD-100453,2024-10-22,CUST-0139,Retail,Alexandria,Clothing,Store,2,624.61,1249.22,1032.14,0.147,Completed,EGP
ORD-100845,2024-11-28,CUST-0030,Retail,Mansoura,Electronics,Online,5,3598.16,17990.82,13647.11,0.085,Completed,EGP
ORD-100633,2024-10-10,CUST-0313,Wholesale,Giza,Groceries,Phone,32,96.82,3098.14,2203.3,0.033,Completed,EGP
ORD-101022,2023-08-26,CUST-0030,Wholesale,Giza,Furniture,Store,15,2843.71,42655.68,23584.09,0.155,Completed,EGP
ORD-100504,2024-06-28,CUST-0191,Wholesale,Cairo,Furniture,Store,48,1594.53,76537.21,62864.3,,Completed,EGP
ORD-101005,2023-07-01,CUST-0292,Retail,Giza,Clothing,Online,8,457.04,3656.36,2769.13,0.125,Completed,EGP
ORD-101107,2024-03-21,CUST-0050,Retail,Aswan,Clothing,Store,3,477.71,1433.13,798.22,,Completed,EGP
ORD-100666,2023-07-23,CUST-0219,Retail,Aswan,Clothing,Online,4,493.56,1974.23,1202.04,0.098,Completed,EGP
ORD-100160,2024-12-14,CUST-0140,Wholesale,Alexandria,Furniture,Online,12,4388.13,52657.53,36713.69,0.234,Cancelled,EGP
ORD-100054,2023-06-09,CUST-0055,Retail,Alexandria,Furniture,Store,3,1886.27,5658.8,,0.239,Completed,EGP
ORD-100226,2023-04-10,CUST-0237,Wholesale,Giza,Groceries,Phone,24,153.49,3683.79,2510.89,0.202,Completed,EGP
ORD-100802,2024-10-16,CUST-0246,Retail,Alexandria,Groceries,Store,4,165.85,663.39,448.54,0.039,Completed,EGP
ORD-100784,2023-01-02,CUST-0273,Retail,Alexandria,Electronics,Online,8,2249.58,17996.63,13651.3,0.179,Completed,EGP
ORD-100965,2023-06-12,CUST-0007,Wholesale,Giza,Stationery,Store,12,77.92,935.03,682.14,0.247,Completed,EGP
ORD-100639,2024-09-03,CUST-0275,Wholesale,Alexandria,Electronics,Store,56,2339.77,131027.23,76136.86,0.134,Completed,EGP
ORD-100862,2024-10-08,CUST-0273,Retail,Giza,Electronics,Store,8,3376.02,27008.12,21830.61,,Completed,EGP
ORD-100999,2023-02-22,CUST-0045,Retail,Cairo,Groceries,Online,8,138.08,1104.66,921.87,0.074,Completed,EGP
ORD-100237,2024-04-21,CUST-0218,Retail,Mansoura,Electronics,Store,2,2421.23,4842.47,2837.98,0.238,Completed,EGP
ORD-100028,2024-11-09,CUST-0145,Wholesale,Cairo,Groceries,Online,18,235.21,4233.7,3307.62,0.179,Completed,EGP
ORD-100462,2023-05-05,CUST-0004,Corporate,Cairo,Electronics,Online,2,1165.42,2330.84,1642.6,0.146,Completed,EGP
ORD-100189,2023-06-09,CUST-0192,Retail,Alexandria,Groceries,Online,7,143.84,1006.91,625.95,0.193,Completed,EGP
ORD-100199,2023-11-02,CUST-0124,Wholesale,Cairo,Clothing,Phone,35,639.78,22392.36,13877.29,0.043,Completed,EGP
ORD-100539,2023-11-05,CUST-0169,Retail,,Clothing,Store,8,716.65,5733.23,3202.91,0.248,Cancelled,EGP
ORD-100103,2024-07-11,CUST-0022,Retail,Cairo,Clothing,Online,8,231.89,1855.11,1420.11,0.225,Completed,EGP
ORD-100213,2024-08-17,CUST-0225,Wholesale,,Clothing,Online,9,305.77,2751.89,1679.08,0.108,Completed,EGP
ORD-100828,2023-08-18,CUST-0132,Retail,Alexandria,Clothing,Store,5,364.15,1820.76,1233.68,0.226,Completed,EGP
ORD-100628,2024-12-14,CUST-0317,Retail,,Groceries,Store,4,217.6,870.41,528.42,0.187,Cancelled,EGP
ORD-100593,2023-12-27,CUST-0276,Retail,,Stationery,Phone,6,104.17,625.02,389.99,0.038,Completed,EGP
ORD-100471,2024-10-14,CUST-0152,Retail,Giza,Groceries,Store,5,135.29,676.46,503.65,0.031,Completed,EGP
ORD-100924,2023-09-16,CUST-0040,Retail,Giza,Furniture,Store,8,1336.85,10694.8,8757.2,0.142,Completed,EGP
ORD-100480,2023-11-17,CUST-0161,Retail,Alexandria,Clothing,Online,5,632.93,3164.65,,,Completed,EGP
ORD-100365,2023-01-13,CUST-0038,Corporate,Giza,Clothing,Store,1,552.29,552.29,454.7,0.113,Completed,EGP
ORD-100010,2023-07-02,CUST-0074,Retail,Aswan,Groceries,Store,1,119.81,119.81,67.99,0.185,Completed,EGP
ORD-101132,2023-09-25,CUST-0242,Retail,Cairo,Groceries,Online,2,272.2,544.4,350.05,0.153,Completed,EGP
ORD-100689,2024-01-10,CUST-0149,Retail,Cairo,Electronics,Online,6,2221.84,13331.07,9146.13,0.092,Completed,EGP
ORD-100113,2023-03-11,CUST-0126,Wholesale,Cairo,Clothing,Store,32,484.98,15519.41,8596.07,0.106,Completed,EGP
ORD-100334,2023-11-09,CUST-0255,Retail,Mansoura,Electronics,Store,8,3057.99,24463.95,15516.31,0.18,Completed,EGP
ORD-100016,2024-12-26,CUST-0225,Retail,Giza,Electronics,Online,4,2849.85,11399.39,,0.227,Completed,EGP
ORD-100120,2023-06-13,CUST-0142,Retail,Cairo,Clothing,Online,2,359.16,718.31,445.64,0.147,Completed,EGP
ORD-100564,2023-10-08,CUST-0024,Retail,Giza,Electronics,Online,5,4100.85,20504.24,13993.03,0.061,Completed,EGP
ORD-100584,2023-07-11,CUST-0073,Wholesale,Cairo,Groceries,Store,48,124.82,5991.28,3896.2,0.13,Completed,EGP
ORD-100879,2024-04-01,CUST-0146,Wholesale,Cairo,Groceries,Phone,32,131.06,4193.83,2718.41,,Completed,EGP
ORD-100735,2024-07-20,CUST-0272,Retail,Alexandria,Furniture,Store,8,1414.87,11318.96,9548.15,0.108,Completed,EGP
ORD-100014,2023-05-29,CUST-0079,Wholesale,Cairo,Electronics,Online,25,2319.49,57987.34,32894.18,0.148,Completed,EGP
ORD-100853,2023-08-11,CUST-0068,Retail,Cairo,Groceries,Store,4,105.15,420.62,235.1,0.106,Completed,EGP
ORD-100573,2023-10-16,CUST-0128,Retail,Mansoura,Groceries,Online,6,114.97,689.82,582.54,0.232,Completed,EGP
ORD-100127,2023-08-09,CUST-0310,Retail,Cairo,Clothing,Online,7,407.25,2850.77,1650.05,0.224,Completed,EGP
ORD-100697,2024-10-15,CUST-0296,Retail,Mansoura,Clothing,Online,4,299.22,1196.9,,0.17,Completed,EGP
ORD-100138,2023-02-26,CUST-0071,Retail,Alexandria,Clothing,Store,8,461.69,3693.49,2994.03,0.002,Completed,EGP
ORD-100899,2024-08-02,CUST-0081,Retail,Aswan,Clothing,Online,3,363.36,1090.08,730.41,,Completed,EGP
ORD-100205,2023-10-02,CUST-0221,Retail,Mansoura,Clothing,Online,3,389.85,1169.55,981.79,0.235,Cancelled,EGP
ORD-101020,2024-02-01,CUST-0070,Corporate,Cairo,Clothing,Store,1,510.87,510.87,331.76,0.152,Completed,EGP
ORD-100683,2023-02-20,CUST-0068,Corporate,Cairo,Furniture,Store,7,2823.1,19761.7,12915.81,0.105,Completed,EGP
ORD-100329,2023-12-28,CUST-0214,Retail,Cairo,Electronics,Phone,8,3287.28,26298.27,18958.68,0.084,Completed,EGP
ORD-101089,2024-12-24,CUST-0010,Retail,Aswan,Clothing,Online,2,546.79,1093.57,759.9,0.024,Completed,EGP
ORD-100346,2023-12-31,CUST-0283,Corporate,Mansoura,Groceries,Store,3,226.35,679.06,397.19,0.075,Completed,EGP
ORD-100554,2024-01-31,CUST-0207,Retail,Aswan,Electronics,Store,3,2898.96,8696.87,6173.63,0.19,Completed,EGP
ORD-101185,2024-09-07,CUST-0102,Retail,Mansoura,Clothing,Phone,6,322.66,1935.97,1374.71,,Completed,EGP
ORD-100477,2023-10-07,CUST-0209,Retail,Aswan,Clothing,Phone,7,438.78,3071.43,1811.7,,Completed,EGP
ORD-100710,2023-12-06,CUST-0224,Retail,Mansoura,Stationery,Online,2,80.59,161.18,130.91,0.224,Completed,EGP
ORD-100192,2023-05-05,CUST-0138,Retail,Giza,Groceries,Store,4,155.73,622.91,437.28,0.226,Cancelled,EGP
ORD-100993,2024-02-12,CUST-0087,Wholesale,Cairo,Clothing,Online,42,906.67,38079.99,24869.94,0.049,Completed,EGP
ORD-101124,2023-09-14,CUST-0182,Retail,Giza,Clothing,Store,5,422.68,2113.41,1726.41,0.061,Completed,EGP
ORD-101046,2023-08-16,CUST-0138,Corporate,Giza,Groceries,Online,4,126.51,506.04,425.21,0.069,Completed,EGP
ORD-100649,2024-07-03,CUST-0287,Retail,Giza,Groceries,Online,4,108.4,433.62,,0.129,Completed,EGP
ORD-100946,2024-09-17,CUST-0002,Corporate,Cairo,Clothing,Store,95,515.49,48971.55,34280.08,0.185,Completed,EGP
ORD-100321,2024-05-14,CUST-0308,Wholesale,Cairo,Electronics,Store,32,3430.82,109786.37,71141.87,0.208,Completed,EGP
ORD-100317,2023-08-05,CUST-0075,Retail,Giza,Groceries,Store,1,58.4,58.4,38.23,0.07,Completed,EGP
ORD-100219,2024-01-11,CUST-0237,Wholesale,Giza,Electronics,Online,32,1796.22,57479.13,32878.2,0.115,Cancelled,EGP
ORD-100068,2023-12-23,CUST-0055,Corporate,Mansoura,Furniture,Store,6,2288.12,13728.72,7593.86,0.01,Completed,EGP
ORD-100696,2023-09-18,CUST-0073,Corporate,Giza,Clothing,Store,2,402.74,805.48,453.74,0.009,Completed,EGP
ORD-100053,2023-12-26,CUST-0034,Wholesale,Cairo,Furniture,Store,16,3099.54,49592.71,29310.91,0.245,Completed,EGP
ORD-100485,2024-05-27,CUST-0115,Retail,Giza,Clothing,Online,2,724.08,1448.16,974.04,0.018,Completed,EGP
ORD-100095,2024-05-15,CUST-0083,Wholesale,Mansoura,Groceries,Phone,16,102.86,1645.77,1328.01,0.17,Cancelled,EGP
ORD-101007,2024-05-26,CUST-0048,Retail,Aswan,Stationery,Online,8,78.13,625.05,456.73,0.109,Completed,EGP
ORD-100762,2023-08-20,CUST-0296,Corporate,Alexandria,Stationery,Online,2,63.81,127.63,81.37,0.162,Completed,EGP
ORD-100920,2024-04-29,CUST-0221,Wholesale,Cairo,Clothing,Store,24,382.33,9175.84,5496.33,0.202,Cancelled,EGP
ORD-100740,2024-05-01,CUST-0063,Wholesale,Aswan,Groceries,Store,21,106.34,2233.16,1514.63,0.231,Completed,EGP
ORD-100909,2024-11-04,CUST-0235,Wholesale,Cairo,Groceries,Store,35,243.81,8533.51,5088.5,0.235,Completed,EGP
ORD-100839,2023-12-10,CUST-0012,Wholesale,Mansoura,Groceries,Store,32,211.02,6752.71,4664.25,0.083,Completed,EGP
ORD-100914,2024-10-25,CUST-0057,Wholesale,Alexandria,Furniture,Online,20,1542.56,30851.29,22934.75,0.102,Completed,EGP
ORD-100516,2024-06-12,CUST-0313,Wholesale,Mansoura,Electronics,Store,35,2921.21,102242.41,60460.34,0.064,Completed,EGP
ORD-100331,2023-01-23,CUST-0082,Retail,Mansoura,Furniture,Store,2,1905.98,3811.96,2160.94,0.053,Completed,EGP
ORD-101144,2024-11-27,CUST-0006,Retail,Alexandria,Electronics,Phone,3,4204.78,12614.35,9403.74,0.214,Completed,EGP
ORD-101196,2024-08-26,CUST-0291,Retail,Cairo,Clothing,Store,8,370.1,2960.82,2072.61,0.012,Completed,EGP
ORD-100274,2023-03-24,CUST-0234,Retail,Aswan,Groceries,Store,1,133.01,133.01,80.07,0.061,Completed,EGP
ORD-100695,2024-12-30,CUST-0177,Retail,Alexandria,Groceries,Online,2,146.72,293.43,174.85,0.119,Completed,EGP
ORD-101071,2024-02-18,CUST-0109,Retail,Giza,Electronics,Store,2,2044.92,4089.85,2957.74,0.204,Completed,EGP
ORD-100179,2023-01-06,CUST-0246,Corporate,Mansoura,Furniture,Store,4,1463.78,5855.12,3604.42,0.148,Completed,EGP
ORD-101061,2024-03-21,CUST-0134,Corporate,Cairo,Clothing,Phone,7,515.74,3610.15,2101.11,0.193,Completed,EGP
ORD-100373,2023-12-28,CUST-0177,Retail,Alexandria,Furniture,Online,6,2195.87,13175.2,9244.04,0.177,Completed,EGP
ORD-101125,2024-08-11,CUST-0098,Retail,Cairo,Groceries,Store,3,112.71,338.13,192.4,0.228,Completed,EGP
ORD-101073,2024-01-05,CUST-0208,Retail,Giza,Groceries,Store,6,68.3,409.78,256.49,0.052,Completed,EGP
ORD-100218,2023-02-15,CUST-0085,Retail,Cairo,Furniture,Online,1,2484.45,2484.45,2093.48,0.164,Completed,EGP
ORD-100040,2023-12-21,CUST-0211,Retail,Alexandria,Clothing,Store,1,885.7,885.7,537.63,0.181,Completed,EGP
ORD-101175,2023-07-26,CUST-0072,Corporate,Cairo,Electronics,Online,5,4290.21,21451.05,14104.07,0.179,Completed,EGP
ORD-100732,2024-05-28,CUST-0225,Retail,Cairo,Electronics,Online,1,1699.36,1699.36,1184.4,0.17,Completed,EGP
ORD-100560,2023-09-20,CUST-0225,Retail,Cairo,Furniture,Online,5,979.98,4899.88,3519.02,0.244,Returned,EGP
ORD-100870,2023-12-06,CUST-0154,Retail,Mansoura,Electronics,Online,8,6540.03,52320.2,39757.85,0.052,Cancelled,EGP
ORD-101191,2023-04-19,CUST-0126,Wholesale,Giza,Groceries,Phone,20,97.23,1944.5,1544.31,0.169,Completed,EGP
ORD-101012,2024-05-05,CUST-0130,Retail,Cairo,Stationery,Online,6,50.28,301.67,189.3,,Cancelled,EGP
ORD-101142,2023-12-19,CUST-0306,Corporate,Cairo,Groceries,Online,2,184.14,368.29,299.92,0.174,Completed,EGP
ORD-101062,2023-03-09,CUST-0137,Retail,Cairo,Electronics,Online,1,2680.01,2680.01,1974.03,0.161,Completed,EGP
ORD-100988,2024-04-24,CUST-0180,Retail,Cairo,Furniture,Online,2,1111.34,2222.68,,,Completed,EGP
ORD-100803,2023-04-22,CUST-0181,Wholesale,Aswan,Electronics,Store,28,2268.97,63531.06,50212.83,0.238,Completed,EGP
